{"is_source_file": true, "format": "JavaScript/JSX", "description": "Entry point for a React application that renders the main App component within a router and strict mode.", "external_files": ["react", "react-dom/client", "react-router-dom", "./index.css", "./App"], "external_methods": ["ReactDOM.createRoot", "root.render"], "published": ["root"], "classes": [], "methods": [{"name": "render", "description": "Initializes rendering of the React application with strict mode and routing."}], "calls": ["ReactDOM.createRoot", "root.render", "React.StrictMode", "BrowserRouter", "App"], "search-terms": ["React", "ReactDOM", "React.StrictMode", "BrowserRouter", "App", "entry point", "frontend", "index.js"], "state": 2, "file_id": 9, "knowledge_revision": 44, "git_revision": "ed57e479dae3cec20b1bdc90d982af361270ea0a", "revision_history": [{"25": "0ee30ab6ce56e86764fbf3656a140eb511d6f835"}, {"44": "ed57e479dae3cec20b1bdc90d982af361270ea0a"}], "ctags": [{"_type": "tag", "name": "root", "path": "/home/kavia/workspace/code-generation/chess-mastery-platform-309890-309900/frontend_react/src/index.js", "pattern": "/^const root = ReactDOM.createRoot(document.getElementById('root'));$/", "language": "JavaScript", "kind": "constant"}], "hash": "4029df5f1e9932b3c11c266a63021471", "format-version": 4, "code-base-name": "frontend_react", "filename": "frontend_react/src/index.js"}