{"is_source_file": true, "format": "JavaScript (React JSX)", "description": "This file, App.js, serves as the main entry point for a React web application related to a chess mastery platform. It defines the main application layout, including navigation bar, footer, routing for various pages (Game, Profile, History, Leaderboards), and authentication-related components.", "external_files": ["./App.css", "./state/AuthContext", "./api/client", "./pages/ProtectedRoute", "./pages/LoginPage", "./pages/RegisterPage", "./pages/GamePage", "./pages/ProfilePage", "./pages/HistoryPage", "./pages/LeaderboardsPage"], "external_methods": ["useAuth", "isMockMode", "logout"], "published": ["App"], "classes": [], "methods": [{"name": "Navbar()", "description": "Component rendering the navigation bar with links, user profile, and logout functionality.", "scope": "", "scopeKind": ""}, {"name": "Footer()", "description": "Component rendering the page footer with links and info.", "scope": "Navbar", "scopeKind": "function"}, {"name": "AppRoutes()", "description": "Component defining the application's route configuration, including protected and public routes.", "scope": "Navbar", "scopeKind": "function"}, {"name": "App()", "scope": "Navbar.AppRoutes", "scopeKind": "function", "description": "unavailable"}], "calls": ["document.documentElement.setAttribute"], "search-terms": ["React", "Routing", "AuthProvider", "ProtectedRoute", "useAuth", "Navbar component", "Footer component", "Application layout", "Main app component", "Page routing"], "state": 2, "file_id": 6, "knowledge_revision": 73, "git_revision": "e54af0cdf61cd049a3f0a0456034a99738d8b33b", "revision_history": [{"24": "0ee30ab6ce56e86764fbf3656a140eb511d6f835"}, {"43": "ed57e479dae3cec20b1bdc90d982af361270ea0a"}, {"64": "ed57e479dae3cec20b1bdc90d982af361270ea0a"}, {"73": "e54af0cdf61cd049a3f0a0456034a99738d8b33b"}], "ctags": [{"_type": "tag", "name": "App", "path": "/home/kavia/workspace/code-generation/chess-mastery-platform-309890-309900/frontend_react/src/App.js", "pattern": "/^function App() {$/", "language": "JavaScript", "kind": "function", "signature": "()", "scope": "Navbar.AppRoutes", "scopeKind": "function"}, {"_type": "tag", "name": "AppRoutes", "path": "/home/kavia/workspace/code-generation/chess-mastery-platform-309890-309900/frontend_react/src/App.js", "pattern": "/^function AppRoutes() {$/", "language": "JavaScript", "kind": "function", "signature": "()", "scope": "Navbar", "scopeKind": "function"}, {"_type": "tag", "name": "Footer", "path": "/home/kavia/workspace/code-generation/chess-mastery-platform-309890-309900/frontend_react/src/App.js", "pattern": "/^function Footer() {$/", "language": "JavaScript", "kind": "function", "signature": "()", "scope": "Navbar", "scopeKind": "function"}, {"_type": "tag", "name": "Navbar", "path": "/home/kavia/workspace/code-generation/chess-mastery-platform-309890-309900/frontend_react/src/App.js", "pattern": "/^function Navbar() {$/", "language": "JavaScript", "kind": "function", "signature": "()"}], "hash": "0f935b2fd24f272b34911c7971e97ac6", "format-version": 4, "code-base-name": "frontend_react", "filename": "frontend_react/src/App.js"}