{"is_source_file": true, "format": "JavaScript (React)", "description": "React component implementing an in-game chat panel with real-time updates via WebSocket, REST API calls for message history, and message sending functionality.", "external_files": ["../api/client", "./ui", "../state/AuthContext", "../state/WsContext"], "external_methods": ["api.chat.list", "api.chat.send", "useAuth", "useWs"], "published": ["ChatPanel"], "classes": [], "methods": [{"name": "ChatPanel({ gameId, disabled })", "description": "React functional component that provides an in-game chat interface with message history and real-time updates.", "scope": "", "scopeKind": ""}, {"name": "load()", "scope": "ChatPanel", "scopeKind": "function", "description": "unavailable"}], "calls": ["api.chat.list", "api.chat.send"], "search-terms": ["ChatPanel", "WebSocket chat", "In-game chat"], "state": 3, "file_id": 20, "knowledge_revision": 55, "git_revision": "ed57e479dae3cec20b1bdc90d982af361270ea0a", "ctags": [{"_type": "tag", "name": "3", "path": "/home/kavia/workspace/code-generation/chess-mastery-platform-309890-309900/frontend_react/src/components/ChatPanel.js", "pattern": "/^          rows={3}$/", "language": "JavaScript", "kind": "field", "scope": "rows", "scopeKind": "class"}, {"_type": "tag", "name": "ChatPanel", "path": "/home/kavia/workspace/code-generation/chess-mastery-platform-309890-309900/frontend_react/src/components/ChatPanel.js", "pattern": "/^export function ChatPanel({ gameId, disabled }) {$/", "language": "JavaScript", "kind": "function", "signature": "({ gameId, disabled })"}, {"_type": "tag", "name": "disabled", "path": "/home/kavia/workspace/code-generation/chess-mastery-platform-309890-309900/frontend_react/src/components/ChatPanel.js", "pattern": "/^          disabled={disabled || !gameId}$/", "language": "JavaScript", "kind": "field", "scope": "disabled", "scopeKind": "class"}, {"_type": "tag", "name": "disabled", "path": "/home/kavia/workspace/code-generation/chess-mastery-platform-309890-309900/frontend_react/src/components/ChatPanel.js", "pattern": "/^          placeholder={disabled ? 'Join a game to chat\u2026' : 'Say something\u2026'}$/", "language": "JavaScript", "kind": "field", "scope": "placeholder", "scopeKind": "class"}, {"_type": "tag", "name": "load", "path": "/home/kavia/workspace/code-generation/chess-mastery-platform-309890-309900/frontend_react/src/components/ChatPanel.js", "pattern": "/^    async function load() {$/", "language": "JavaScript", "kind": "function", "signature": "()", "scope": "ChatPanel", "scopeKind": "function"}, {"_type": "tag", "name": "text", "path": "/home/kavia/workspace/code-generation/chess-mastery-platform-309890-309900/frontend_react/src/components/ChatPanel.js", "pattern": "/^          value={text}$/", "language": "JavaScript", "kind": "field", "scope": "value", "scopeKind": "class"}], "hash": "c8bcc4396af15e1d76aca6be977ac5ac", "format-version": 4, "code-base-name": "frontend_react", "filename": "frontend_react/src/components/ChatPanel.js", "fields": [{"name": "rows={3}", "scope": "rows", "scopeKind": "class", "description": "unavailable"}, {"name": "disabled={disabled || !gameId}", "scope": "disabled", "scopeKind": "class", "description": "unavailable"}, {"name": "placeholder={disabled ? 'Join a game to chat\u2026' : 'Say something\u2026'}", "scope": "placeholder", "scopeKind": "class", "description": "unavailable"}, {"name": "value={text}", "scope": "value", "scopeKind": "class", "description": "unavailable"}], "revision_history": [{"55": "ed57e479dae3cec20b1bdc90d982af361270ea0a"}]}