{"is_source_file": true, "format": "JavaScript (React JSX)", "description": "This file serves as the entry point for the React application, setting up the DOM rendering of the main App component.", "external_files": ["react", "react-dom/client", "./index.css", "./App"], "external_methods": ["ReactDOM.createRoot", "root.render"], "published": [], "classes": [], "methods": [{"name": "ReactDOM.createRoot", "description": "Creates a React root for rendering the React component tree."}, {"name": "root.render", "description": "Renders the React component tree into the DOM."}], "calls": ["ReactDOM.createRoot", "root.render", "React.StrictMode", "App"], "search-terms": ["index.js", "ReactDOM", "React.StrictMode", "App", "render"], "state": 2, "file_id": 9, "knowledge_revision": 25, "git_revision": "0ee30ab6ce56e86764fbf3656a140eb511d6f835", "ctags": [{"_type": "tag", "name": "root", "path": "/home/kavia/workspace/code-generation/chess-mastery-platform-309890-309900/frontend_react/src/index.js", "pattern": "/^const root = ReactDOM.createRoot(document.getElementById('root'));$/", "language": "JavaScript", "kind": "constant"}], "hash": "9fc5841375336fc175b49f8767a11383", "format-version": 4, "code-base-name": "frontend_react", "filename": "frontend_react/src/index.js", "revision_history": [{"25": "0ee30ab6ce56e86764fbf3656a140eb511d6f835"}]}