{"is_source_file": false, "format": "", "description": "", "external_files": [], "external_methods": [], "published": [], "classes": [], "methods": [], "calls": [], "search-terms": [], "state": 2, "file_id": 10, "knowledge_revision": 45, "git_revision": "ed57e479dae3cec20b1bdc90d982af361270ea0a", "hash": "a8e06bb50fab61ba5f2c43d2bc74f1ad", "format-version": 4, "code-base-name": "frontend_react", "filename": "frontend_react/src/index.css", "revision_history": [{"45": "ed57e479dae3cec20b1bdc90d982af361270ea0a"}]}