{"is_source_file": true, "format": "JavaScript", "description": "Test setup file for React project using Jest, importing custom matchers from '@testing-library/jest-dom'.", "external_files": ["@testing-library/jest-dom"], "external_methods": [], "published": [], "classes": [], "methods": [], "calls": ["import('@testing-library/jest-dom')"], "search-terms": ["setupTests", "jest-dom", "testing-library", "React", "Jest", "DOM matchers"], "state": 2, "file_id": 8, "knowledge_revision": 22, "git_revision": "0ee30ab6ce56e86764fbf3656a140eb511d6f835", "ctags": [], "hash": "1a77571e1a8cf36018a41bcedf60db75", "format-version": 4, "code-base-name": "frontend_react", "filename": "frontend_react/src/setupTests.js", "revision_history": [{"22": "0ee30ab6ce56e86764fbf3656a140eb511d6f835"}]}