{"is_source_file": true, "file_id": 23, "git_revision": "ed57e479dae3cec20b1bdc90d982af361270ea0a", "state": 3, "description": "", "external_files": [], "external_methods": [], "published": [], "classes": [], "methods": [], "calls": [], "search-terms": [], "ctags": [{"_type": "tag", "name": "LoginPage", "path": "/home/kavia/workspace/code-generation/chess-mastery-platform-309890-309900/frontend_react/src/pages/LoginPage.js", "pattern": "/^export function LoginPage() {$/", "language": "JavaScript", "kind": "function", "signature": "()"}, {"_type": "tag", "name": "password", "path": "/home/kavia/workspace/code-generation/chess-mastery-platform-309890-309900/frontend_react/src/pages/LoginPage.js", "pattern": "/^            value={password}$/", "language": "JavaScript", "kind": "field", "scope": "LoginPage.value", "scopeKind": "class"}, {"_type": "tag", "name": "usernameOrEmail", "path": "/home/kavia/workspace/code-generation/chess-mastery-platform-309890-309900/frontend_react/src/pages/LoginPage.js", "pattern": "/^            value={usernameOrEmail}$/", "language": "JavaScript", "kind": "field", "scope": "LoginPage.value", "scopeKind": "class"}], "format": "JavaScript", "hash": "851a5f7f3702aacf63e8ca616cb5eba2", "format-version": 4, "code-base-name": "frontend_react", "filename": "frontend_react/src/pages/LoginPage.js", "knowledge_revision": 37}