{"is_source_file": false, "format": "", "description": "", "external_files": [], "external_methods": [], "published": [], "classes": [], "methods": [], "calls": [], "search-terms": [], "state": 2, "file_id": 3, "knowledge_revision": 26, "git_revision": "0ee30ab6ce56e86764fbf3656a140eb511d6f835", "hash": "78ad84c65e31293e749689e962918ec3", "format-version": 4, "code-base-name": "frontend_react", "filename": "frontend_react/package.json", "revision_history": [{"26": "0ee30ab6ce56e86764fbf3656a140eb511d6f835"}]}