{"is_source_file": true, "format": "JavaScript", "description": "This file defines a REST client for communicating with the backend of the Chess Mastery Platform. It includes functions for authentication, profile management, matchmaking, game management, chat, leaderboards, and history features. It also supports a mock API mode for frontend testing.", "external_files": ["./mockApi"], "external_methods": ["createMockApi"], "published": ["api", "isMockMode"], "classes": [], "methods": [{"name": "getApiBaseUrl()", "description": "Determines the base URL for API requests based on environment variables or defaults to localhost.", "scope": "", "scopeKind": ""}, {"name": "getToken()", "description": "Retrieves the stored JWT token from localStorage.", "scope": "", "scopeKind": ""}, {"name": "setToken(token)", "description": "Stores or removes the JWT token in localStorage.", "scope": "", "scopeKind": ""}, {"name": "parseBoolEnv(v)", "description": "Converts environment variable string to boolean.", "scope": "", "scopeKind": ""}, {"name": "request(path, { method = 'GET', body, auth = true } = {})", "description": "Performs an API request with appropriate headers, handles JSON or text responses, and throws errors on failures.", "scope": "", "scopeKind": ""}, {"name": "draw(gameId)", "scope": "restApi.games", "scopeKind": "class", "description": "unavailable"}, {"name": "getGame(gameId)", "scope": "restApi.games", "scopeKind": "class", "description": "unavailable"}, {"name": "getMoves(gameId)", "scope": "restApi.games", "scopeKind": "class", "description": "unavailable"}, {"name": "join()", "scope": "restApi.matchmaking", "scopeKind": "class", "description": "unavailable"}, {"name": "leave()", "scope": "restApi.matchmaking", "scopeKind": "class", "description": "unavailable"}, {"name": "list(gameId)", "scope": "restApi.chat", "scopeKind": "class", "description": "unavailable"}, {"name": "login({ usernameOrEmail, password })", "scope": "restApi.auth", "scopeKind": "class", "description": "unavailable"}, {"name": "me()", "scope": "restApi.profile", "scopeKind": "class", "description": "unavailable"}, {"name": "myGames({ limit = 50, offset = 0 } = {})", "scope": "restApi.history", "scopeKind": "class", "description": "unavailable"}, {"name": "recent(limit = 20)", "scope": "restApi.leaderboards", "scopeKind": "class", "description": "unavailable"}, {"name": "register({ username, email, password })", "scope": "restApi.auth", "scopeKind": "class", "description": "unavailable"}, {"name": "resign(gameId)", "scope": "restApi.games", "scopeKind": "class", "description": "unavailable"}, {"name": "send(gameId, { messageText })", "scope": "restApi.chat", "scopeKind": "class", "description": "unavailable"}, {"name": "status()", "scope": "restApi.matchmaking", "scopeKind": "class", "description": "unavailable"}, {"name": "submitMove(gameId, { san })", "scope": "restApi.games", "scopeKind": "class", "description": "unavailable"}, {"name": "top(limit = 50)", "scope": "restApi.leaderboards", "scopeKind": "class", "description": "unavailable"}, {"name": "update({ username, email })", "scope": "restApi.profile", "scopeKind": "class", "description": "unavailable"}], "calls": ["fetch", "getApiBaseUrl", "getToken", "localStorage.getItem", "localStorage.removeItem", "localStorage.setItem", "parseBoolEnv", "request"], "search-terms": ["API client", "REST", "authentication", "game moves", "mock API", "JWT token"], "state": 2, "file_id": 13, "knowledge_revision": 72, "git_revision": "831c29a52da096a2446b527abb266177e49e1471", "revision_history": [{"48": "ed57e479dae3cec20b1bdc90d982af361270ea0a"}, {"70": "ed57e479dae3cec20b1bdc90d982af361270ea0a"}, {"72": "831c29a52da096a2446b527abb266177e49e1471"}], "ctags": [{"_type": "tag", "name": "Content-Type", "path": "/home/kavia/workspace/code-generation/chess-mastery-platform-309890-309900/frontend_react/src/api/client.js", "pattern": "/^  const headers = { 'Content-Type': 'application\\/json' };$/", "language": "JavaScript", "kind": "property", "scope": "request.headers", "scopeKind": "class"}, {"_type": "tag", "name": "TOKEN_KEY", "path": "/home/kavia/workspace/code-generation/chess-mastery-platform-309890-309900/frontend_react/src/api/client.js", "pattern": "/^const TOKEN_KEY = 'cmp_token';$/", "language": "JavaScript", "kind": "constant"}, {"_type": "tag", "name": "api", "path": "/home/kavia/workspace/code-generation/chess-mastery-platform-309890-309900/frontend_react/src/api/client.js", "pattern": "/^export const api = USE_MOCKS ? createMockApi({ tokenKey: TOKEN_KEY }) : restApi;$/", "language": "JavaScript", "kind": "constant"}, {"_type": "tag", "name": "auth", "path": "/home/kavia/workspace/code-generation/chess-mastery-platform-309890-309900/frontend_react/src/api/client.js", "pattern": "/^  auth: {$/", "language": "JavaScript", "kind": "class", "scope": "restApi", "scopeKind": "class"}, {"_type": "tag", "name": "baseUrl", "path": "/home/kavia/workspace/code-generation/chess-mastery-platform-309890-309900/frontend_react/src/api/client.js", "pattern": "/^  baseUrl: {$/", "language": "JavaScript", "kind": "property", "scope": "restApi", "scopeKind": "class"}, {"_type": "tag", "name": "chat", "path": "/home/kavia/workspace/code-generation/chess-mastery-platform-309890-309900/frontend_react/src/api/client.js", "pattern": "/^  chat: {$/", "language": "JavaScript", "kind": "class", "scope": "restApi", "scopeKind": "class"}, {"_type": "tag", "name": "draw", "path": "/home/kavia/workspace/code-generation/chess-mastery-platform-309890-309900/frontend_react/src/api/client.js", "pattern": "/^    async draw(gameId) {$/", "language": "JavaScript", "kind": "method", "signature": "(gameId)", "scope": "restApi.games", "scopeKind": "class"}, {"_type": "tag", "name": "games", "path": "/home/kavia/workspace/code-generation/chess-mastery-platform-309890-309900/frontend_react/src/api/client.js", "pattern": "/^  games: {$/", "language": "JavaScript", "kind": "class", "scope": "restApi", "scopeKind": "class"}, {"_type": "tag", "name": "getApiBaseUrl", "path": "/home/kavia/workspace/code-generation/chess-mastery-platform-309890-309900/frontend_react/src/api/client.js", "pattern": "/^function getApiBaseUrl() {$/", "language": "JavaScript", "kind": "function", "signature": "()"}, {"_type": "tag", "name": "getGame", "path": "/home/kavia/workspace/code-generation/chess-mastery-platform-309890-309900/frontend_react/src/api/client.js", "pattern": "/^    async getGame(gameId) {$/", "language": "JavaScript", "kind": "method", "signature": "(gameId)", "scope": "restApi.games", "scopeKind": "class"}, {"_type": "tag", "name": "getMoves", "path": "/home/kavia/workspace/code-generation/chess-mastery-platform-309890-309900/frontend_react/src/api/client.js", "pattern": "/^    async getMoves(gameId) {$/", "language": "JavaScript", "kind": "method", "signature": "(gameId)", "scope": "restApi.games", "scopeKind": "class"}, {"_type": "tag", "name": "getToken", "path": "/home/kavia/workspace/code-generation/chess-mastery-platform-309890-309900/frontend_react/src/api/client.js", "pattern": "/^function getToken() {$/", "language": "JavaScript", "kind": "function", "signature": "()"}, {"_type": "tag", "name": "headers", "path": "/home/kavia/workspace/code-generation/chess-mastery-platform-309890-309900/frontend_react/src/api/client.js", "pattern": "/^  const headers = { 'Content-Type': 'application\\/json' };$/", "language": "JavaScript", "kind": "class", "scope": "request", "scopeKind": "class"}, {"_type": "tag", "name": "history", "path": "/home/kavia/workspace/code-generation/chess-mastery-platform-309890-309900/frontend_react/src/api/client.js", "pattern": "/^  history: {$/", "language": "JavaScript", "kind": "class", "scope": "restApi", "scopeKind": "class"}, {"_type": "tag", "name": "isMockMode", "path": "/home/kavia/workspace/code-generation/chess-mastery-platform-309890-309900/frontend_react/src/api/client.js", "pattern": "/^export const isMockMode = USE_MOCKS;$/", "language": "JavaScript", "kind": "constant"}, {"_type": "tag", "name": "join", "path": "/home/kavia/workspace/code-generation/chess-mastery-platform-309890-309900/frontend_react/src/api/client.js", "pattern": "/^    async join() {$/", "language": "JavaScript", "kind": "method", "signature": "()", "scope": "restApi.matchmaking", "scopeKind": "class"}, {"_type": "tag", "name": "leaderboards", "path": "/home/kavia/workspace/code-generation/chess-mastery-platform-309890-309900/frontend_react/src/api/client.js", "pattern": "/^  leaderboards: {$/", "language": "JavaScript", "kind": "class", "scope": "restApi", "scopeKind": "class"}, {"_type": "tag", "name": "leave", "path": "/home/kavia/workspace/code-generation/chess-mastery-platform-309890-309900/frontend_react/src/api/client.js", "pattern": "/^    async leave() {$/", "language": "JavaScript", "kind": "method", "signature": "()", "scope": "restApi.matchmaking", "scopeKind": "class"}, {"_type": "tag", "name": "list", "path": "/home/kavia/workspace/code-generation/chess-mastery-platform-309890-309900/frontend_react/src/api/client.js", "pattern": "/^    async list(gameId) {$/", "language": "JavaScript", "kind": "method", "signature": "(gameId)", "scope": "restApi.chat", "scopeKind": "class"}, {"_type": "tag", "name": "login", "path": "/home/kavia/workspace/code-generation/chess-mastery-platform-309890-309900/frontend_react/src/api/client.js", "pattern": "/^    async login({ usernameOrEmail, password }) {$/", "language": "JavaScript", "kind": "method", "signature": "({ usernameOrEmail, password })", "scope": "restApi.auth", "scopeKind": "class"}, {"_type": "tag", "name": "matchmaking", "path": "/home/kavia/workspace/code-generation/chess-mastery-platform-309890-309900/frontend_react/src/api/client.js", "pattern": "/^  matchmaking: {$/", "language": "JavaScript", "kind": "class", "scope": "restApi", "scopeKind": "class"}, {"_type": "tag", "name": "me", "path": "/home/kavia/workspace/code-generation/chess-mastery-platform-309890-309900/frontend_react/src/api/client.js", "pattern": "/^    async me() {$/", "language": "JavaScript", "kind": "method", "signature": "()", "scope": "restApi.profile", "scopeKind": "class"}, {"_type": "tag", "name": "myGames", "path": "/home/kavia/workspace/code-generation/chess-mastery-platform-309890-309900/frontend_react/src/api/client.js", "pattern": "/^    async myGames({ limit = 50, offset = 0 } = {}) {$/", "language": "JavaScript", "kind": "method", "signature": "({ limit = 50, offset = 0 } = {})", "scope": "restApi.history", "scopeKind": "class"}, {"_type": "tag", "name": "parseBoolEnv", "path": "/home/kavia/workspace/code-generation/chess-mastery-platform-309890-309900/frontend_react/src/api/client.js", "pattern": "/^function parseBoolEnv(v) {$/", "language": "JavaScript", "kind": "function", "signature": "(v)"}, {"_type": "tag", "name": "profile", "path": "/home/kavia/workspace/code-generation/chess-mastery-platform-309890-309900/frontend_react/src/api/client.js", "pattern": "/^  profile: {$/", "language": "JavaScript", "kind": "class", "scope": "restApi", "scopeKind": "class"}, {"_type": "tag", "name": "recent", "path": "/home/kavia/workspace/code-generation/chess-mastery-platform-309890-309900/frontend_react/src/api/client.js", "pattern": "/^    async recent(limit = 20) {$/", "language": "JavaScript", "kind": "method", "signature": "(limit = 20)", "scope": "restApi.leaderboards", "scopeKind": "class"}, {"_type": "tag", "name": "register", "path": "/home/kavia/workspace/code-generation/chess-mastery-platform-309890-309900/frontend_react/src/api/client.js", "pattern": "/^    async register({ username, email, password }) {$/", "language": "JavaScript", "kind": "method", "signature": "({ username, email, password })", "scope": "restApi.auth", "scopeKind": "class"}, {"_type": "tag", "name": "request", "path": "/home/kavia/workspace/code-generation/chess-mastery-platform-309890-309900/frontend_react/src/api/client.js", "pattern": "/^async function request(path, { method = 'GET', body, auth = true } = {}) {$/", "language": "JavaScript", "kind": "function", "signature": "(path, { method = 'GET', body, auth = true } = {})"}, {"_type": "tag", "name": "resign", "path": "/home/kavia/workspace/code-generation/chess-mastery-platform-309890-309900/frontend_react/src/api/client.js", "pattern": "/^    async resign(gameId) {$/", "language": "JavaScript", "kind": "method", "signature": "(gameId)", "scope": "restApi.games", "scopeKind": "class"}, {"_type": "tag", "name": "restApi", "path": "/home/kavia/workspace/code-generation/chess-mastery-platform-309890-309900/frontend_react/src/api/client.js", "pattern": "/^const restApi = {$/", "language": "JavaScript", "kind": "class"}, {"_type": "tag", "name": "send", "path": "/home/kavia/workspace/code-generation/chess-mastery-platform-309890-309900/frontend_react/src/api/client.js", "pattern": "/^    async send(gameId, { messageText }) {$/", "language": "JavaScript", "kind": "method", "signature": "(gameId, { messageText })", "scope": "restApi.chat", "scopeKind": "class"}, {"_type": "tag", "name": "setToken", "path": "/home/kavia/workspace/code-generation/chess-mastery-platform-309890-309900/frontend_react/src/api/client.js", "pattern": "/^function setToken(token) {$/", "language": "JavaScript", "kind": "function", "signature": "(token)"}, {"_type": "tag", "name": "status", "path": "/home/kavia/workspace/code-generation/chess-mastery-platform-309890-309900/frontend_react/src/api/client.js", "pattern": "/^    async status() {$/", "language": "JavaScript", "kind": "method", "signature": "()", "scope": "restApi.matchmaking", "scopeKind": "class"}, {"_type": "tag", "name": "submitMove", "path": "/home/kavia/workspace/code-generation/chess-mastery-platform-309890-309900/frontend_react/src/api/client.js", "pattern": "/^    async submitMove(gameId, { san }) {$/", "language": "JavaScript", "kind": "method", "signature": "(gameId, { san })", "scope": "restApi.games", "scopeKind": "class"}, {"_type": "tag", "name": "token", "path": "/home/kavia/workspace/code-generation/chess-mastery-platform-309890-309900/frontend_react/src/api/client.js", "pattern": "/^  token: {$/", "language": "JavaScript", "kind": "property", "scope": "restApi", "scopeKind": "class"}, {"_type": "tag", "name": "top", "path": "/home/kavia/workspace/code-generation/chess-mastery-platform-309890-309900/frontend_react/src/api/client.js", "pattern": "/^    async top(limit = 50) {$/", "language": "JavaScript", "kind": "method", "signature": "(limit = 50)", "scope": "restApi.leaderboards", "scopeKind": "class"}, {"_type": "tag", "name": "update", "path": "/home/kavia/workspace/code-generation/chess-mastery-platform-309890-309900/frontend_react/src/api/client.js", "pattern": "/^    async update({ username, email }) {$/", "language": "JavaScript", "kind": "method", "signature": "({ username, email })", "scope": "restApi.profile", "scopeKind": "class"}], "hash": "c403719ec60e3f187df5672846923d9a", "format-version": 4, "code-base-name": "frontend_react", "filename": "frontend_react/src/api/client.js", "fields": [{"name": "const headers = { 'Content-Type': 'application\\/json' };", "scope": "request.headers", "scopeKind": "class", "description": "unavailable"}, {"name": "baseUrl: {", "scope": "restApi", "scopeKind": "class", "description": "unavailable"}, {"name": "token: {", "scope": "restApi", "scopeKind": "class", "description": "unavailable"}]}