{"is_source_file": true, "format": "JavaScript (React JSX)", "description": "This file is the main React component for the front-end of the chess platform. It sets up routing, navigation, and layout components such as Navbar and Footer, and manages application-wide providers like AuthProvider and WebSocket context.", "external_files": ["./state/AuthContext", "./state/WsContext", "./pages/ProtectedRoute", "./pages/LoginPage", "./pages/RegisterPage", "./pages/GamePage", "./pages/ProfilePage", "./pages/HistoryPage", "./pages/LeaderboardsPage", "./App.css"], "external_methods": ["useAuth (from './state/AuthContext')", "logout (from useAuth)", "setAttribute (DOM API)"], "published": ["App"], "classes": [], "methods": [{"name": "Navbar()", "description": "Navigation bar component with links to main pages, displaying user info if authenticated.", "scope": "", "scopeKind": ""}, {"name": "Footer()", "description": "Footer component with platform info and external links.", "scope": "", "scopeKind": ""}, {"name": "AppRoutes()", "description": "Defines routing structure for different pages, protected routes included.", "scope": "", "scopeKind": ""}, {"name": "App()", "description": "Main application component that sets theme, provides context providers, and renders layout with routes.", "scope": "AppRoutes", "scopeKind": "function"}], "calls": ["document.documentElement.setAttribute", "useAuth()", "actions.logout()"], "search-terms": ["React routing", "AuthProvider", "WebSocket context", "Navigation", "Layout", "Main App component"], "state": 2, "file_id": 6, "knowledge_revision": 43, "git_revision": "ed57e479dae3cec20b1bdc90d982af361270ea0a", "revision_history": [{"24": "0ee30ab6ce56e86764fbf3656a140eb511d6f835"}, {"43": "ed57e479dae3cec20b1bdc90d982af361270ea0a"}], "ctags": [{"_type": "tag", "name": "App", "path": "/home/kavia/workspace/code-generation/chess-mastery-platform-309890-309900/frontend_react/src/App.js", "pattern": "/^function App() {$/", "language": "JavaScript", "kind": "function", "signature": "()", "scope": "AppRoutes", "scopeKind": "function"}, {"_type": "tag", "name": "AppRoutes", "path": "/home/kavia/workspace/code-generation/chess-mastery-platform-309890-309900/frontend_react/src/App.js", "pattern": "/^function AppRoutes() {$/", "language": "JavaScript", "kind": "function", "signature": "()"}, {"_type": "tag", "name": "Footer", "path": "/home/kavia/workspace/code-generation/chess-mastery-platform-309890-309900/frontend_react/src/App.js", "pattern": "/^function Footer() {$/", "language": "JavaScript", "kind": "function", "signature": "()"}, {"_type": "tag", "name": "Navbar", "path": "/home/kavia/workspace/code-generation/chess-mastery-platform-309890-309900/frontend_react/src/App.js", "pattern": "/^function Navbar() {$/", "language": "JavaScript", "kind": "function", "signature": "()"}], "hash": "ce852d65ff0e60ffd3f68342a43676e4", "format-version": 4, "code-base-name": "frontend_react", "filename": "frontend_react/src/App.js"}