{"is_source_file": true, "format": "JavaScript (React JSX)", "description": "This file defines a React component named Chessboard that renders a chessboard UI, handles user interactions for selecting squares and submitting moves in SAN notation, and displays game status information. It imports helper functions for parsing FEN strings and rendering chess pieces.", "external_files": ["./ui", "../chess/fen"], "external_methods": ["parseFen", "pieceGlyph", "coordsToSquare"], "published": ["Chessboard"], "classes": [], "methods": [{"name": "Chessboard({ fen, myColor,  status,  onSubmitSan, submitting, lastMoveSan, error, })", "description": "React functional component for displaying and interacting with a chessboard for a game, including move input and status display.", "scope": "", "scopeKind": ""}], "calls": ["parseFen(fen)", "setSelected({ r, c })", "setSan(e.target.value)", "onSubmitSan?.(v)"], "search-terms": ["React Chessboard component", "parseFen", "pieceGlyph", "coordsToSquare", "move input SAN", "chess game UI"], "state": 2, "file_id": 19, "knowledge_revision": 54, "git_revision": "ed57e479dae3cec20b1bdc90d982af361270ea0a", "ctags": [{"_type": "tag", "name": "Chessboard", "path": "/home/kavia/workspace/code-generation/chess-mastery-platform-309890-309900/frontend_react/src/components/Chessboard.js", "pattern": "/^export function Chessboard({$/", "language": "JavaScript", "kind": "function", "signature": "({ fen, myColor,  status,  onSubmitSan, submitting, lastMoveSan, error, })"}, {"_type": "tag", "name": "san", "path": "/home/kavia/workspace/code-generation/chess-mastery-platform-309890-309900/frontend_react/src/components/Chessboard.js", "pattern": "/^            value={san}$/", "language": "JavaScript", "kind": "field", "scope": "Chessboard.value", "scopeKind": "class"}, {"_type": "tag", "name": "submitting", "path": "/home/kavia/workspace/code-generation/chess-mastery-platform-309890-309900/frontend_react/src/components/Chessboard.js", "pattern": "/^              disabled={submitting || !san.trim() || status !== 'active' || !isMyTurn}$/", "language": "JavaScript", "kind": "field", "scope": "Chessboard.disabled", "scopeKind": "class"}, {"_type": "tag", "name": "submitting", "path": "/home/kavia/workspace/code-generation/chess-mastery-platform-309890-309900/frontend_react/src/components/Chessboard.js", "pattern": "/^              disabled={submitting || !san}$/", "language": "JavaScript", "kind": "field", "scope": "Chessboard.disabled", "scopeKind": "class"}], "hash": "129b1c33039eafdbdfcaf56adf856653", "format-version": 4, "code-base-name": "frontend_react", "filename": "frontend_react/src/components/Chessboard.js", "fields": [{"name": "value={san}", "scope": "Chessboard.value", "scopeKind": "class", "description": "unavailable"}, {"name": "disabled={submitting || !san.trim() || status !== 'active' || !isMyTurn}", "scope": "Chessboard.disabled", "scopeKind": "class", "description": "unavailable"}, {"name": "disabled={submitting || !san}", "scope": "Chessboard.disabled", "scopeKind": "class", "description": "unavailable"}], "revision_history": [{"54": "ed57e479dae3cec20b1bdc90d982af361270ea0a"}]}