{"is_source_file": true, "format": "JavaScript (React JSX)", "description": "This file defines an authentication context provider for a React frontend application, managing user authentication state and actions such as login, register, logout, profile update, and token refresh. It exports the AuthProvider component and a custom hook useAuth for consuming the authentication context.", "external_files": ["../api/client"], "external_methods": ["api.token.get", "api.token.set", "api.token.clear", "api.profile.me", "api.profile.update", "api.auth.login", "api.auth.register"], "published": ["AuthProvider", "useAuth"], "classes": [], "methods": [{"name": "AuthProvider({ children })", "description": "Provides authentication state and actions to child components, managing user, token, loading, and error states.", "scope": "", "scopeKind": ""}, {"name": "useAuth()", "description": "Custom React hook that provides access to the AuthContext for authentication data and actions.", "scope": "", "scopeKind": ""}], "calls": ["React.createContext", "useState", "useCallback", "useEffect", "useMemo", "api.token.get", "api.profile.me", "api.token.clear", "api.auth.login", "api.auth.register", "api.token.set", "api.profile.update"], "search-terms": ["AuthContext", "AuthProvider", "useAuth", "React context for auth", "auth state management", "React hooks auth"], "state": 2, "file_id": 15, "knowledge_revision": 50, "git_revision": "ed57e479dae3cec20b1bdc90d982af361270ea0a", "ctags": [{"_type": "tag", "name": "AuthContext", "path": "/home/kavia/workspace/code-generation/chess-mastery-platform-309890-309900/frontend_react/src/state/AuthContext.js", "pattern": "/^const AuthContext = createContext(null);$/", "language": "JavaScript", "kind": "constant"}, {"_type": "tag", "name": "AuthProvider", "path": "/home/kavia/workspace/code-generation/chess-mastery-platform-309890-309900/frontend_react/src/state/AuthContext.js", "pattern": "/^export function AuthProvider({ children }) {$/", "language": "JavaScript", "kind": "function", "signature": "({ children })"}, {"_type": "tag", "name": "useAuth", "path": "/home/kavia/workspace/code-generation/chess-mastery-platform-309890-309900/frontend_react/src/state/AuthContext.js", "pattern": "/^export function useAuth() {$/", "language": "JavaScript", "kind": "function", "signature": "()"}, {"_type": "tag", "name": "value", "path": "/home/kavia/workspace/code-generation/chess-mastery-platform-309890-309900/frontend_react/src/state/AuthContext.js", "pattern": "/^  return <AuthContext.Provider value={value}>{children}<\\/AuthContext.Provider>;$/", "language": "JavaScript", "kind": "field", "scope": "Provider", "scopeKind": "class"}], "hash": "8cc108957978795c137d92cf9230c906", "format-version": 4, "code-base-name": "frontend_react", "filename": "frontend_react/src/state/AuthContext.js", "fields": [{"name": "return <AuthContext.Provider value={value}>{children}<\\/AuthContext.Provider>;", "scope": "Provider", "scopeKind": "class", "description": "unavailable"}], "revision_history": [{"50": "ed57e479dae3cec20b1bdc90d982af361270ea0a"}]}