{"is_source_file": true, "format": "JavaScript (React JSX)", "description": "This file defines and exports multiple UI components for a React application, including Button, Card, Pill, Modal, Input, and TextArea. Each component encapsulates common UI patterns with customizable props.", "external_files": ["react"], "external_methods": [], "published": ["Button", "Card", "Pill", "Modal", "Input", "TextArea"], "classes": [], "methods": [{"name": "Button({ variant = 'primary', size = 'md', className = '', ...props })", "description": "Themed button component with variant, size, and additional className.", "scope": "", "scopeKind": ""}, {"name": "Card({ className = '', children })", "description": "Simple container component with optional children.", "scope": "", "scopeKind": ""}, {"name": "Pill({ tone = 'neutral', children })", "description": "Small badge-like component with tone and children.", "scope": "", "scopeKind": ""}, {"name": "Modal({ open, title, children, onClose, footer })", "description": "Overlay modal component with open state, title, footer, and close handler.", "scope": "", "scopeKind": ""}, {"name": "Input", "description": "Labeled input field with optional hint and error messages."}, {"name": "TextArea", "description": "Labeled textarea with optional hint and error messages."}], "calls": [], "search-terms": ["Button", "Card", "Modal", "Input", "jsx UI components", "React UI"], "state": 2, "file_id": 18, "knowledge_revision": 53, "git_revision": "ed57e479dae3cec20b1bdc90d982af361270ea0a", "ctags": [{"_type": "tag", "name": "Button", "path": "/home/kavia/workspace/code-generation/chess-mastery-platform-309890-309900/frontend_react/src/components/ui.js", "pattern": "/^export function Button({ variant = 'primary', size = 'md', className = '', ...props }) {$/", "language": "JavaScript", "kind": "function", "signature": "({ variant = 'primary', size = 'md', className = '', ...props })"}, {"_type": "tag", "name": "Card", "path": "/home/kavia/workspace/code-generation/chess-mastery-platform-309890-309900/frontend_react/src/components/ui.js", "pattern": "/^export function Card({ className = '', children }) {$/", "language": "JavaScript", "kind": "function", "signature": "({ className = '', children })"}, {"_type": "tag", "name": "Modal", "path": "/home/kavia/workspace/code-generation/chess-mastery-platform-309890-309900/frontend_react/src/components/ui.js", "pattern": "/^export function Modal({ open, title, children, onClose, footer }) {$/", "language": "JavaScript", "kind": "function", "signature": "({ open, title, children, onClose, footer })"}, {"_type": "tag", "name": "Pill", "path": "/home/kavia/workspace/code-generation/chess-mastery-platform-309890-309900/frontend_react/src/components/ui.js", "pattern": "/^export function Pill({ tone = 'neutral', children }) {$/", "language": "JavaScript", "kind": "function", "signature": "({ tone = 'neutral', children })"}, {"_type": "tag", "name": "btn btn-${variant} btn-${size} ${className}", "path": "/home/kavia/workspace/code-generation/chess-mastery-platform-309890-309900/frontend_react/src/components/ui.js", "pattern": "/^  return <button className={`btn btn-${variant} btn-${size} ${className}`} {...props} \\/>;$/", "language": "JavaScript", "kind": "field", "scope": "Button.AnonymousClass1930db2f0101", "scopeKind": "class"}, {"_type": "tag", "name": "card ${className}", "path": "/home/kavia/workspace/code-generation/chess-mastery-platform-309890-309900/frontend_react/src/components/ui.js", "pattern": "/^  return <div className={`card ${className}`}>{children}<\\/div>;$/", "language": "JavaScript", "kind": "field", "scope": "Card.AnonymousClass1930db2f0201", "scopeKind": "class"}, {"_type": "tag", "name": "pill pill-${tone}", "path": "/home/kavia/workspace/code-generation/chess-mastery-platform-309890-309900/frontend_react/src/components/ui.js", "pattern": "/^  return <span className={`pill pill-${tone}`}>{children}<\\/span>;$/", "language": "JavaScript", "kind": "field", "scope": "Pill.AnonymousClass1930db2f0301", "scopeKind": "class"}], "hash": "71f4a7f67a406712491149d753cc5ec7", "format-version": 4, "code-base-name": "frontend_react", "filename": "frontend_react/src/components/ui.js", "fields": [{"name": "return <button className={`btn btn-${variant} btn-${size} ${className}`} {...props} \\/>;", "scope": "Button.AnonymousClass1930db2f0101", "scopeKind": "class", "description": "unavailable"}, {"name": "return <div className={`card ${className}`}>{children}<\\/div>;", "scope": "Card.AnonymousClass1930db2f0201", "scopeKind": "class", "description": "unavailable"}, {"name": "return <span className={`pill pill-${tone}`}>{children}<\\/span>;", "scope": "Pill.AnonymousClass1930db2f0301", "scopeKind": "class", "description": "unavailable"}], "revision_history": [{"53": "ed57e479dae3cec20b1bdc90d982af361270ea0a"}]}