{"is_source_file": true, "file_id": 29, "git_revision": "", "state": 1, "description": "", "external_files": [], "external_methods": [], "published": [], "classes": [], "methods": [], "calls": [], "search-terms": [], "ctags": [{"_type": "tag", "name": "STORE_KEY", "path": "/home/kavia/workspace/code-generation/chess-mastery-platform-309890-309900/frontend_react/src/api/mockApi.js", "pattern": "/^const STORE_KEY = 'cmp_mock_store_v1';$/", "language": "JavaScript", "kind": "constant"}, {"_type": "tag", "name": "_store", "path": "/home/kavia/workspace/code-generation/chess-mastery-platform-309890-309900/frontend_react/src/api/mockApi.js", "pattern": "/^let _store = null;$/", "language": "JavaScript", "kind": "variable"}, {"_type": "tag", "name": "appendMove", "path": "/home/kavia/workspace/code-generation/chess-mastery-platform-309890-309900/frontend_react/src/api/mockApi.js", "pattern": "/^function appendMove(gameId, san) {$/", "language": "JavaScript", "kind": "function", "signature": "(gameId, san)"}, {"_type": "tag", "name": "basicEloUpdate", "path": "/home/kavia/workspace/code-generation/chess-mastery-platform-309890-309900/frontend_react/src/api/mockApi.js", "pattern": "/^function basicEloUpdate({ winnerId, loserId }) {$/", "language": "JavaScript", "kind": "function", "signature": "({ winnerId, loserId })"}, {"_type": "tag", "name": "black_user_id", "path": "/home/kavia/workspace/code-generation/chess-mastery-platform-309890-309900/frontend_react/src/api/mockApi.js", "pattern": "/^    black_user_id: blackUser.id,$/", "language": "JavaScript", "kind": "property", "scope": "createGame.game", "scopeKind": "class"}, {"_type": "tag", "name": "black_username", "path": "/home/kavia/workspace/code-generation/chess-mastery-platform-309890-309900/frontend_react/src/api/mockApi.js", "pattern": "/^    black_username: blackUser.username,$/", "language": "JavaScript", "kind": "property", "scope": "createGame.game", "scopeKind": "class"}, {"_type": "tag", "name": "color", "path": "/home/kavia/workspace/code-generation/chess-mastery-platform-309890-309900/frontend_react/src/api/mockApi.js", "pattern": "/^              color: whiteUser.id === opponent.id ? 'white' : 'black',$/", "language": "JavaScript", "kind": "property", "scope": "store.matchmaking.matches", "scopeKind": "class"}, {"_type": "tag", "name": "color", "path": "/home/kavia/workspace/code-generation/chess-mastery-platform-309890-309900/frontend_react/src/api/mockApi.js", "pattern": "/^              color: whiteUser.id === user.id ? 'white' : 'black',$/", "language": "JavaScript", "kind": "property", "scope": "store.matchmaking.matches", "scopeKind": "class"}, {"_type": "tag", "name": "createGame", "path": "/home/kavia/workspace/code-generation/chess-mastery-platform-309890-309900/frontend_react/src/api/mockApi.js", "pattern": "/^function createGame({ whiteUser, blackUser }) {$/", "language": "JavaScript", "kind": "function", "signature": "({ whiteUser, blackUser })"}, {"_type": "tag", "name": "createMockApi", "path": "/home/kavia/workspace/code-generation/chess-mastery-platform-309890-309900/frontend_react/src/api/mockApi.js", "pattern": "/^export function createMockApi({ tokenKey = 'cmp_token' } = {}) {$/", "language": "JavaScript", "kind": "function", "signature": "({ tokenKey = 'cmp_token' } = {})"}, {"_type": "tag", "name": "created_at", "path": "/home/kavia/workspace/code-generation/chess-mastery-platform-309890-309900/frontend_react/src/api/mockApi.js", "pattern": "/^              created_at: nowIso(),$/", "language": "JavaScript", "kind": "property", "scope": "store.matchmaking.matches", "scopeKind": "class"}, {"_type": "tag", "name": "created_at", "path": "/home/kavia/workspace/code-generation/chess-mastery-platform-309890-309900/frontend_react/src/api/mockApi.js", "pattern": "/^          created_at: nowIso(),$/", "language": "JavaScript", "kind": "property", "scope": "createMockApi.msg", "scopeKind": "class"}, {"_type": "tag", "name": "created_at", "path": "/home/kavia/workspace/code-generation/chess-mastery-platform-309890-309900/frontend_react/src/api/mockApi.js", "pattern": "/^          created_at: nowIso(),$/", "language": "JavaScript", "kind": "property", "scope": "createMockApi.newUser", "scopeKind": "class"}, {"_type": "tag", "name": "created_at", "path": "/home/kavia/workspace/code-generation/chess-mastery-platform-309890-309900/frontend_react/src/api/mockApi.js", "pattern": "/^    created_at: nowIso(),$/", "language": "JavaScript", "kind": "property", "scope": "createGame.game", "scopeKind": "class"}, {"_type": "tag", "name": "current_fen", "path": "/home/kavia/workspace/code-generation/chess-mastery-platform-309890-309900/frontend_react/src/api/mockApi.js", "pattern": "/^    current_fen: 'rnbqkbnr\\/pppppppp\\/8\\/8\\/8\\/8\\/PPPPPPPP\\/RNBQKBNR w KQkq - 0 1',$/", "language": "JavaScript", "kind": "property", "scope": "createGame.game", "scopeKind": "class"}, {"_type": "tag", "name": "delay", "path": "/home/kavia/workspace/code-generation/chess-mastery-platform-309890-309900/frontend_react/src/api/mockApi.js", "pattern": "/^function delay(ms = 150) {$/", "language": "JavaScript", "kind": "function", "signature": "(ms = 150)"}, {"_type": "tag", "name": "email", "path": "/home/kavia/workspace/code-generation/chess-mastery-platform-309890-309900/frontend_react/src/api/mockApi.js", "pattern": "/^          email: e,$/", "language": "JavaScript", "kind": "property", "scope": "createMockApi.newUser", "scopeKind": "class"}, {"_type": "tag", "name": "findUserByUsernameOrEmail", "path": "/home/kavia/workspace/code-generation/chess-mastery-platform-309890-309900/frontend_react/src/api/mockApi.js", "pattern": "/^function findUserByUsernameOrEmail(usernameOrEmail) {$/", "language": "JavaScript", "kind": "function", "signature": "(usernameOrEmail)"}, {"_type": "tag", "name": "game", "path": "/home/kavia/workspace/code-generation/chess-mastery-platform-309890-309900/frontend_react/src/api/mockApi.js", "pattern": "/^  const game = {$/", "language": "JavaScript", "kind": "class", "scope": "createGame", "scopeKind": "class"}, {"_type": "tag", "name": "gameId", "path": "/home/kavia/workspace/code-generation/chess-mastery-platform-309890-309900/frontend_react/src/api/mockApi.js", "pattern": "/^              gameId: game.id,$/", "language": "JavaScript", "kind": "property", "scope": "store.matchmaking.matches", "scopeKind": "class"}, {"_type": "tag", "name": "game_id", "path": "/home/kavia/workspace/code-generation/chess-mastery-platform-309890-309900/frontend_react/src/api/mockApi.js", "pattern": "/^          game_id: gameId,$/", "language": "JavaScript", "kind": "property", "scope": "createMockApi.msg", "scopeKind": "class"}, {"_type": "tag", "name": "game_id", "path": "/home/kavia/workspace/code-generation/chess-mastery-platform-309890-309900/frontend_react/src/api/mockApi.js", "pattern": "/^    game_id: gameId,$/", "language": "JavaScript", "kind": "property", "scope": "appendMove.move", "scopeKind": "class"}, {"_type": "tag", "name": "getInitialSeedStore", "path": "/home/kavia/workspace/code-generation/chess-mastery-platform-309890-309900/frontend_react/src/api/mockApi.js", "pattern": "/^function getInitialSeedStore() {$/", "language": "JavaScript", "kind": "function", "signature": "()"}, {"_type": "tag", "name": "getOrCreateActiveMatchForUser", "path": "/home/kavia/workspace/code-generation/chess-mastery-platform-309890-309900/frontend_react/src/api/mockApi.js", "pattern": "/^function getOrCreateActiveMatchForUser(userId) {$/", "language": "JavaScript", "kind": "function", "signature": "(userId)"}, {"_type": "tag", "name": "getToken", "path": "/home/kavia/workspace/code-generation/chess-mastery-platform-309890-309900/frontend_react/src/api/mockApi.js", "pattern": "/^  function getToken() {$/", "language": "JavaScript", "kind": "function", "signature": "()", "scope": "createMockApi", "scopeKind": "function"}, {"_type": "tag", "name": "getUserById", "path": "/home/kavia/workspace/code-generation/chess-mastery-platform-309890-309900/frontend_react/src/api/mockApi.js", "pattern": "/^function getUserById(userId) {$/", "language": "JavaScript", "kind": "function", "signature": "(userId)"}, {"_type": "tag", "name": "id", "path": "/home/kavia/workspace/code-generation/chess-mastery-platform-309890-309900/frontend_react/src/api/mockApi.js", "pattern": "/^          id: randomId('chat'),$/", "language": "JavaScript", "kind": "property", "scope": "createMockApi.msg", "scopeKind": "class"}, {"_type": "tag", "name": "id", "path": "/home/kavia/workspace/code-generation/chess-mastery-platform-309890-309900/frontend_react/src/api/mockApi.js", "pattern": "/^          id: randomId('user'),$/", "language": "JavaScript", "kind": "property", "scope": "createMockApi.newUser", "scopeKind": "class"}, {"_type": "tag", "name": "id", "path": "/home/kavia/workspace/code-generation/chess-mastery-platform-309890-309900/frontend_react/src/api/mockApi.js", "pattern": "/^    id: gameId,$/", "language": "JavaScript", "kind": "property", "scope": "createGame.game", "scopeKind": "class"}, {"_type": "tag", "name": "id", "path": "/home/kavia/workspace/code-generation/chess-mastery-platform-309890-309900/frontend_react/src/api/mockApi.js", "pattern": "/^    id: randomId('move'),$/", "language": "JavaScript", "kind": "property", "scope": "appendMove.move", "scopeKind": "class"}, {"_type": "tag", "name": "loadStore", "path": "/home/kavia/workspace/code-generation/chess-mastery-platform-309890-309900/frontend_react/src/api/mockApi.js", "pattern": "/^function loadStore() {$/", "language": "JavaScript", "kind": "function", "signature": "()"}, {"_type": "tag", "name": "matches", "path": "/home/kavia/workspace/code-generation/chess-mastery-platform-309890-309900/frontend_react/src/api/mockApi.js", "pattern": "/^            store.matchmaking.matches[opponent.id] = {$/", "language": "JavaScript", "kind": "class", "scope": "store.matchmaking", "scopeKind": "class"}, {"_type": "tag", "name": "matches", "path": "/home/kavia/workspace/code-generation/chess-mastery-platform-309890-309900/frontend_react/src/api/mockApi.js", "pattern": "/^            store.matchmaking.matches[user.id] = {$/", "language": "JavaScript", "kind": "class", "scope": "store.matchmaking", "scopeKind": "class"}, {"_type": "tag", "name": "maybeAutoOpponentMove", "path": "/home/kavia/workspace/code-generation/chess-mastery-platform-309890-309900/frontend_react/src/api/mockApi.js", "pattern": "/^function maybeAutoOpponentMove(gameId, actingUserId) {$/", "language": "JavaScript", "kind": "function", "signature": "(gameId, actingUserId)"}, {"_type": "tag", "name": "message_text", "path": "/home/kavia/workspace/code-generation/chess-mastery-platform-309890-309900/frontend_react/src/api/mockApi.js", "pattern": "/^          message_text: text,$/", "language": "JavaScript", "kind": "property", "scope": "createMockApi.msg", "scopeKind": "class"}, {"_type": "tag", "name": "move", "path": "/home/kavia/workspace/code-generation/chess-mastery-platform-309890-309900/frontend_react/src/api/mockApi.js", "pattern": "/^  const move = {$/", "language": "JavaScript", "kind": "class", "scope": "appendMove", "scopeKind": "class"}, {"_type": "tag", "name": "move_count", "path": "/home/kavia/workspace/code-generation/chess-mastery-platform-309890-309900/frontend_react/src/api/mockApi.js", "pattern": "/^    move_count: 0,$/", "language": "JavaScript", "kind": "property", "scope": "createGame.game", "scopeKind": "class"}, {"_type": "tag", "name": "move_number", "path": "/home/kavia/workspace/code-generation/chess-mastery-platform-309890-309900/frontend_react/src/api/mockApi.js", "pattern": "/^    move_number: moveNumber,$/", "language": "JavaScript", "kind": "property", "scope": "appendMove.move", "scopeKind": "class"}, {"_type": "tag", "name": "msg", "path": "/home/kavia/workspace/code-generation/chess-mastery-platform-309890-309900/frontend_react/src/api/mockApi.js", "pattern": "/^        const msg = {$/", "language": "JavaScript", "kind": "class", "scope": "createMockApi", "scopeKind": "class"}, {"_type": "tag", "name": "newUser", "path": "/home/kavia/workspace/code-generation/chess-mastery-platform-309890-309900/frontend_react/src/api/mockApi.js", "pattern": "/^        const newUser = {$/", "language": "JavaScript", "kind": "class", "scope": "createMockApi", "scopeKind": "class"}, {"_type": "tag", "name": "nowIso", "path": "/home/kavia/workspace/code-generation/chess-mastery-platform-309890-309900/frontend_react/src/api/mockApi.js", "pattern": "/^function nowIso() {$/", "language": "JavaScript", "kind": "function", "signature": "()"}, {"_type": "tag", "name": "password", "path": "/home/kavia/workspace/code-generation/chess-mastery-platform-309890-309900/frontend_react/src/api/mockApi.js", "pattern": "/^          password: p,$/", "language": "JavaScript", "kind": "property", "scope": "createMockApi.newUser", "scopeKind": "class"}, {"_type": "tag", "name": "randomId", "path": "/home/kavia/workspace/code-generation/chess-mastery-platform-309890-309900/frontend_react/src/api/mockApi.js", "pattern": "/^function randomId(prefix) {$/", "language": "JavaScript", "kind": "function", "signature": "(prefix)"}, {"_type": "tag", "name": "rating", "path": "/home/kavia/workspace/code-generation/chess-mastery-platform-309890-309900/frontend_react/src/api/mockApi.js", "pattern": "/^          rating: 1200,$/", "language": "JavaScript", "kind": "property", "scope": "createMockApi.newUser", "scopeKind": "class"}, {"_type": "tag", "name": "requireAuth", "path": "/home/kavia/workspace/code-generation/chess-mastery-platform-309890-309900/frontend_react/src/api/mockApi.js", "pattern": "/^function requireAuth(token) {$/", "language": "JavaScript", "kind": "function", "signature": "(token)"}, {"_type": "tag", "name": "result", "path": "/home/kavia/workspace/code-generation/chess-mastery-platform-309890-309900/frontend_react/src/api/mockApi.js", "pattern": "/^    result: null,$/", "language": "JavaScript", "kind": "property", "scope": "createGame.game", "scopeKind": "class"}, {"_type": "tag", "name": "safeJsonParse", "path": "/home/kavia/workspace/code-generation/chess-mastery-platform-309890-309900/frontend_react/src/api/mockApi.js", "pattern": "/^function safeJsonParse(s, fallback) {$/", "language": "JavaScript", "kind": "function", "signature": "(s, fallback)"}, {"_type": "tag", "name": "san", "path": "/home/kavia/workspace/code-generation/chess-mastery-platform-309890-309900/frontend_react/src/api/mockApi.js", "pattern": "/^    san,$/", "language": "JavaScript", "kind": "field", "scope": "appendMove.move", "scopeKind": "class"}, {"_type": "tag", "name": "saveStore", "path": "/home/kavia/workspace/code-generation/chess-mastery-platform-309890-309900/frontend_react/src/api/mockApi.js", "pattern": "/^function saveStore() {$/", "language": "JavaScript", "kind": "function", "signature": "()"}, {"_type": "tag", "name": "sender_user_id", "path": "/home/kavia/workspace/code-generation/chess-mastery-platform-309890-309900/frontend_react/src/api/mockApi.js", "pattern": "/^          sender_user_id: user.id,$/", "language": "JavaScript", "kind": "property", "scope": "createMockApi.msg", "scopeKind": "class"}, {"_type": "tag", "name": "setToken", "path": "/home/kavia/workspace/code-generation/chess-mastery-platform-309890-309900/frontend_react/src/api/mockApi.js", "pattern": "/^  function setToken(token) {$/", "language": "JavaScript", "kind": "function", "signature": "(token)", "scope": "createMockApi", "scopeKind": "function"}, {"_type": "tag", "name": "status", "path": "/home/kavia/workspace/code-generation/chess-mastery-platform-309890-309900/frontend_react/src/api/mockApi.js", "pattern": "/^    status: 'active',$/", "language": "JavaScript", "kind": "property", "scope": "createGame.game", "scopeKind": "class"}, {"_type": "tag", "name": "tokenToUser", "path": "/home/kavia/workspace/code-generation/chess-mastery-platform-309890-309900/frontend_react/src/api/mockApi.js", "pattern": "/^function tokenToUser(token) {$/", "language": "JavaScript", "kind": "function", "signature": "(token)"}, {"_type": "tag", "name": "updated_at", "path": "/home/kavia/workspace/code-generation/chess-mastery-platform-309890-309900/frontend_react/src/api/mockApi.js", "pattern": "/^          updated_at: nowIso(),$/", "language": "JavaScript", "kind": "property", "scope": "createMockApi.newUser", "scopeKind": "class"}, {"_type": "tag", "name": "updated_at", "path": "/home/kavia/workspace/code-generation/chess-mastery-platform-309890-309900/frontend_react/src/api/mockApi.js", "pattern": "/^    updated_at: nowIso(),$/", "language": "JavaScript", "kind": "property", "scope": "createGame.game", "scopeKind": "class"}, {"_type": "tag", "name": "username", "path": "/home/kavia/workspace/code-generation/chess-mastery-platform-309890-309900/frontend_react/src/api/mockApi.js", "pattern": "/^          username: u,$/", "language": "JavaScript", "kind": "property", "scope": "createMockApi.newUser", "scopeKind": "class"}, {"_type": "tag", "name": "white_user_id", "path": "/home/kavia/workspace/code-generation/chess-mastery-platform-309890-309900/frontend_react/src/api/mockApi.js", "pattern": "/^    white_user_id: whiteUser.id,$/", "language": "JavaScript", "kind": "property", "scope": "createGame.game", "scopeKind": "class"}, {"_type": "tag", "name": "white_username", "path": "/home/kavia/workspace/code-generation/chess-mastery-platform-309890-309900/frontend_react/src/api/mockApi.js", "pattern": "/^    white_username: whiteUser.username,$/", "language": "JavaScript", "kind": "property", "scope": "createGame.game", "scopeKind": "class"}, {"_type": "tag", "name": "winner_user_id", "path": "/home/kavia/workspace/code-generation/chess-mastery-platform-309890-309900/frontend_react/src/api/mockApi.js", "pattern": "/^    winner_user_id: null,$/", "language": "JavaScript", "kind": "property", "scope": "createGame.game", "scopeKind": "class"}], "format": "JavaScript", "hash": "dda74ad463cbe7fc8ec49ae934ef5928", "format-version": 4, "code-base-name": "frontend_react", "filename": "frontend_react/src/api/mockApi.js", "knowledge_revision": 71}