{"is_source_file": true, "file_id": 28, "git_revision": "ed57e479dae3cec20b1bdc90d982af361270ea0a", "state": 1, "description": "", "external_files": [], "external_methods": [], "published": [], "classes": [], "methods": [], "calls": [], "search-terms": [], "ctags": [{"_type": "tag", "name": "GamePage", "path": "/home/kavia/workspace/code-generation/chess-mastery-platform-309890-309900/frontend_react/src/pages/GamePage.js", "pattern": "/^export function GamePage() {$/", "language": "JavaScript", "kind": "function", "signature": "()"}, {"_type": "tag", "name": "fen", "path": "/home/kavia/workspace/code-generation/chess-mastery-platform-309890-309900/frontend_react/src/pages/GamePage.js", "pattern": "/^          fen={fen}$/", "language": "JavaScript", "kind": "field", "scope": "GamePage.fen", "scopeKind": "class"}, {"_type": "tag", "name": "lastMoveSan", "path": "/home/kavia/workspace/code-generation/chess-mastery-platform-309890-309900/frontend_react/src/pages/GamePage.js", "pattern": "/^          lastMoveSan={lastMoveSan}$/", "language": "JavaScript", "kind": "field", "scope": "GamePage.lastMoveSan", "scopeKind": "class"}, {"_type": "tag", "name": "moveErr", "path": "/home/kavia/workspace/code-generation/chess-mastery-platform-309890-309900/frontend_react/src/pages/GamePage.js", "pattern": "/^          error={moveErr}$/", "language": "JavaScript", "kind": "field", "scope": "GamePage.error", "scopeKind": "class"}, {"_type": "tag", "name": "moveSubmitting", "path": "/home/kavia/workspace/code-generation/chess-mastery-platform-309890-309900/frontend_react/src/pages/GamePage.js", "pattern": "/^          submitting={moveSubmitting}$/", "language": "JavaScript", "kind": "field", "scope": "GamePage.submitting", "scopeKind": "class"}, {"_type": "tag", "name": "myColor", "path": "/home/kavia/workspace/code-generation/chess-mastery-platform-309890-309900/frontend_react/src/pages/GamePage.js", "pattern": "/^          myColor={myColor}$/", "language": "JavaScript", "kind": "field", "scope": "GamePage.myColor", "scopeKind": "class"}, {"_type": "tag", "name": "status", "path": "/home/kavia/workspace/code-generation/chess-mastery-platform-309890-309900/frontend_react/src/pages/GamePage.js", "pattern": "/^          status={status}$/", "language": "JavaScript", "kind": "field", "scope": "GamePage.status", "scopeKind": "class"}, {"_type": "tag", "name": "submitSan", "path": "/home/kavia/workspace/code-generation/chess-mastery-platform-309890-309900/frontend_react/src/pages/GamePage.js", "pattern": "/^          onSubmitSan={submitSan}$/", "language": "JavaScript", "kind": "field", "scope": "GamePage.onSubmitSan", "scopeKind": "class"}], "format": "JavaScript", "hash": "fd623061fdaf47965e9cd86fca8e6357", "format-version": 4, "code-base-name": "frontend_react", "filename": "frontend_react/src/pages/GamePage.js", "knowledge_revision": 42}