{"is_source_file": false, "format": "", "description": "", "external_files": [], "external_methods": [], "published": [], "classes": [], "methods": [], "calls": [], "search-terms": [], "state": 2, "file_id": 3, "knowledge_revision": 77, "git_revision": "e54af0cdf61cd049a3f0a0456034a99738d8b33b", "revision_history": [{"26": "0ee30ab6ce56e86764fbf3656a140eb511d6f835"}, {"77": "e54af0cdf61cd049a3f0a0456034a99738d8b33b"}], "hash": "20e109fbc80316962c0622192a1ae344", "format-version": 4, "code-base-name": "frontend_react", "filename": "frontend_react/package.json"}