{"is_source_file": true, "format": "JavaScript (React)", "description": "This file defines a React component 'GamePage' that manages the main game interface for a chess platform. It handles matchmaking, game state management, move submission, and UI rendering including the chessboard and chat panel. The component uses hooks for state and side effects, communicates with backend APIs, and implements polling to update game state.", "external_files": ["../components/ui", "../components/Chessboard", "../components/ChatPanel", "../components/MatchmakingModal", "../api/client"], "external_methods": ["api.games.getGame", "api.matchmaking.status", "api.games.resign", "api.games.draw", "api.games.submitMove"], "published": ["GamePage"], "classes": [], "methods": [{"name": "loadGame", "description": "Asynchronously loads game data from the backend API given a game ID and updates the state accordingly."}, {"name": "tryResumeFromStatus()", "description": "Attempts to resume a game or matchmaking status when the component mounts by fetching the current matchmaking or game state.", "scope": "GamePage", "scopeKind": "function"}, {"name": "resign", "description": "Handles game resignation by calling the API and updating the game state."}, {"name": "draw", "description": "Offers a draw in the current game via API call and updates the game state."}, {"name": "submitSan", "description": "Submits a move in Standard Algebraic Notation (SAN) to the backend API and refreshes the game state."}, {"name": "onMatched", "description": "Callback invoked when a matchmaking succeeds, setting game ID and color, then loading the game."}, {"name": "GamePage()", "scope": "", "scopeKind": "", "description": "unavailable"}], "calls": ["api.games.getGame", "api.matchmaking.status", "api.games.resign", "api.games.draw", "api.games.submitMove", "loadGame"], "search-terms": ["GamePage", "matchmaking", "chess", "REST polling", "game state", "move submission", "chat panel", "user interface"], "state": 2, "file_id": 28, "knowledge_revision": 67, "git_revision": "e54af0cdf61cd049a3f0a0456034a99738d8b33b", "revision_history": [{"63": "ed57e479dae3cec20b1bdc90d982af361270ea0a"}, {"67": "e54af0cdf61cd049a3f0a0456034a99738d8b33b"}], "ctags": [{"_type": "tag", "name": "GAME_POLL_MS", "path": "/home/kavia/workspace/code-generation/chess-mastery-platform-309890-309900/frontend_react/src/pages/GamePage.js", "pattern": "/^const GAME_POLL_MS = 1200;$/", "language": "JavaScript", "kind": "constant"}, {"_type": "tag", "name": "GamePage", "path": "/home/kavia/workspace/code-generation/chess-mastery-platform-309890-309900/frontend_react/src/pages/GamePage.js", "pattern": "/^export function GamePage() {$/", "language": "JavaScript", "kind": "function", "signature": "()"}, {"_type": "tag", "name": "fen", "path": "/home/kavia/workspace/code-generation/chess-mastery-platform-309890-309900/frontend_react/src/pages/GamePage.js", "pattern": "/^          fen={fen}$/", "language": "JavaScript", "kind": "field", "scope": "GamePage.fen", "scopeKind": "class"}, {"_type": "tag", "name": "lastMoveSan", "path": "/home/kavia/workspace/code-generation/chess-mastery-platform-309890-309900/frontend_react/src/pages/GamePage.js", "pattern": "/^          lastMoveSan={lastMoveSan}$/", "language": "JavaScript", "kind": "field", "scope": "GamePage.lastMoveSan", "scopeKind": "class"}, {"_type": "tag", "name": "moveErr", "path": "/home/kavia/workspace/code-generation/chess-mastery-platform-309890-309900/frontend_react/src/pages/GamePage.js", "pattern": "/^          error={moveErr}$/", "language": "JavaScript", "kind": "field", "scope": "GamePage.error", "scopeKind": "class"}, {"_type": "tag", "name": "moveSubmitting", "path": "/home/kavia/workspace/code-generation/chess-mastery-platform-309890-309900/frontend_react/src/pages/GamePage.js", "pattern": "/^          submitting={moveSubmitting}$/", "language": "JavaScript", "kind": "field", "scope": "GamePage.submitting", "scopeKind": "class"}, {"_type": "tag", "name": "myColor", "path": "/home/kavia/workspace/code-generation/chess-mastery-platform-309890-309900/frontend_react/src/pages/GamePage.js", "pattern": "/^          myColor={myColor}$/", "language": "JavaScript", "kind": "field", "scope": "GamePage.myColor", "scopeKind": "class"}, {"_type": "tag", "name": "status", "path": "/home/kavia/workspace/code-generation/chess-mastery-platform-309890-309900/frontend_react/src/pages/GamePage.js", "pattern": "/^          status={status}$/", "language": "JavaScript", "kind": "field", "scope": "GamePage.status", "scopeKind": "class"}, {"_type": "tag", "name": "submitSan", "path": "/home/kavia/workspace/code-generation/chess-mastery-platform-309890-309900/frontend_react/src/pages/GamePage.js", "pattern": "/^          onSubmitSan={submitSan}$/", "language": "JavaScript", "kind": "field", "scope": "GamePage.onSubmitSan", "scopeKind": "class"}, {"_type": "tag", "name": "tryResumeFromStatus", "path": "/home/kavia/workspace/code-generation/chess-mastery-platform-309890-309900/frontend_react/src/pages/GamePage.js", "pattern": "/^    async function tryResumeFromStatus() {$/", "language": "JavaScript", "kind": "function", "signature": "()", "scope": "GamePage", "scopeKind": "function"}], "hash": "71091f45556b270b7f16959828a4a01a", "format-version": 4, "code-base-name": "frontend_react", "filename": "frontend_react/src/pages/GamePage.js", "fields": [{"name": "fen={fen}", "scope": "GamePage.fen", "scopeKind": "class", "description": "unavailable"}, {"name": "lastMoveSan={lastMoveSan}", "scope": "GamePage.lastMoveSan", "scopeKind": "class", "description": "unavailable"}, {"name": "error={moveErr}", "scope": "GamePage.error", "scopeKind": "class", "description": "unavailable"}, {"name": "submitting={moveSubmitting}", "scope": "GamePage.submitting", "scopeKind": "class", "description": "unavailable"}, {"name": "myColor={myColor}", "scope": "GamePage.myColor", "scopeKind": "class", "description": "unavailable"}, {"name": "status={status}", "scope": "GamePage.status", "scopeKind": "class", "description": "unavailable"}, {"name": "onSubmitSan={submitSan}", "scope": "GamePage.onSubmitSan", "scopeKind": "class", "description": "unavailable"}]}