{"is_source_file": false, "format": "", "description": "", "external_files": [], "external_methods": [], "published": [], "classes": [], "methods": [], "calls": [], "search-terms": [], "state": 2, "file_id": 11, "knowledge_revision": 74, "git_revision": "47ef601b5b55fe92a34664d8cccae436cc468c22", "hash": "a92a1147647a072c0bf6530604b30055", "format-version": 4, "code-base-name": "frontend_react", "filename": "frontend_react/src/App.css", "revision_history": [{"74": "47ef601b5b55fe92a34664d8cccae436cc468c22"}]}