{"is_source_file": false, "format": "", "description": "", "external_files": [], "external_methods": [], "published": [], "classes": [], "methods": [], "calls": [], "search-terms": [], "state": 2, "file_id": 2, "knowledge_revision": 17, "git_revision": "0ee30ab6ce56e86764fbf3656a140eb511d6f835", "hash": "ebece526bc2eadd78ddd787a76c56607", "format-version": 4, "code-base-name": "frontend_react", "filename": "frontend_react/README.md", "revision_history": [{"17": "0ee30ab6ce56e86764fbf3656a140eb511d6f835"}]}