{"is_source_file": false, "format": null, "description": null, "external_files": [], "external_methods": [], "published": [], "classes": [], "methods": [], "calls": [], "search-terms": ["CSS", "variables", "theme management", "dark mode", "responsive design", "React app styling"], "state": 2, "file_id": 11, "knowledge_revision": 19, "git_revision": "0ee30ab6ce56e86764fbf3656a140eb511d6f835", "hash": "22f9e17cc1848b56dbb244518ac2707e", "format-version": 4, "code-base-name": "frontend_react", "filename": "frontend_react/src/App.css", "revision_history": [{"19": "0ee30ab6ce56e86764fbf3656a140eb511d6f835"}]}