{"is_source_file": true, "file_id": 27, "git_revision": "ed57e479dae3cec20b1bdc90d982af361270ea0a", "state": 1, "description": "", "external_files": [], "external_methods": [], "published": [], "classes": [], "methods": [], "calls": [], "search-terms": [], "ctags": [{"_type": "tag", "name": "HistoryPage", "path": "/home/kavia/workspace/code-generation/chess-mastery-platform-309890-309900/frontend_react/src/pages/HistoryPage.js", "pattern": "/^export function HistoryPage() {$/", "language": "JavaScript", "kind": "function", "signature": "()"}, {"_type": "tag", "name": "load", "path": "/home/kavia/workspace/code-generation/chess-mastery-platform-309890-309900/frontend_react/src/pages/HistoryPage.js", "pattern": "/^    async function load() {$/", "language": "JavaScript", "kind": "function", "signature": "()", "scope": "HistoryPage", "scopeKind": "function"}], "format": "JavaScript", "hash": "4af0130c287278ece8326859f3ae4989", "format-version": 4, "code-base-name": "frontend_react", "filename": "frontend_react/src/pages/HistoryPage.js", "knowledge_revision": 41}