{"is_source_file": true, "format": "JavaScript", "description": "This file contains a WebSocket client class for the Chess Mastery Platform frontend, handling connection management, message sending, and event handling for real-time communication.", "external_files": ["websocket", "URL (built-in)"], "external_methods": ["setTimeout", "clearTimeout"], "published": ["WsClient"], "classes": [{"name": "WsClient", "description": "A WebSocket client class that manages connection, reconnection, message sending, and event handling for real-time communication with the backend server."}], "methods": [{"name": "constructor({ apiBaseUrl, getToken, onEvent })", "description": "Initializes the WebSocket client with provided configuration such as API base URL, token retrieval method, and event handler.", "scope": "WsClient", "scopeKind": "class"}, {"name": "_emit(evt)", "description": "Calls the provided event handler to emit events, safeguarding against errors.", "scope": "WsClient", "scopeKind": "class"}, {"name": "_scheduleReconnect()", "description": "Schedules a reconnection attempt with exponential backoff.", "scope": "WsClient", "scopeKind": "class"}, {"name": "_flushPending()", "description": "Sends all queued messages after establishing connection.", "scope": "WsClient", "scopeKind": "class"}, {"name": "_send(obj)", "description": "Sends a JSON object over WebSocket, queuing it if the connection is not open.", "scope": "WsClient", "scopeKind": "class"}, {"name": "_authAndResubscribe()", "description": "Re-authenticates and re-joins game rooms after reconnection.", "scope": "WsClient", "scopeKind": "class"}, {"name": "_connectInternal()", "description": "Establishes a new WebSocket connection and sets up event handlers.", "scope": "WsClient", "scopeKind": "class"}, {"name": "connect()", "description": "Starts the WebSocket connection and maintains reconnection attempts while active.", "scope": "WsClient", "scopeKind": "class"}, {"name": "disconnect()", "description": "Stops reconnection attempts and closes the WebSocket connection.", "scope": "WsClient", "scopeKind": "class"}, {"name": "joinGame(gameId)", "description": "Joins a game room to receive updates.", "scope": "WsClient", "scopeKind": "class"}, {"name": "leaveGame(gameId)", "description": "Leaves a game room.", "scope": "WsClient", "scopeKind": "class"}, {"name": "ping()", "description": "Sends a ping message to keep the connection alive.", "scope": "WsClient", "scopeKind": "class"}, {"name": "getWsUrlFromEnv(apiBaseUrl)", "scope": "", "scopeKind": "", "description": "unavailable"}], "calls": ["getWsUrlFromEnv", "clearTimeout", "setTimeout", "WebSocket", "JSON.stringify", "JSON.parse"], "search-terms": ["WebSocket client", "connection management", "reconnection logic", "join_game", "leave_game", "ws_message", "ws_connected"], "state": 2, "file_id": 14, "knowledge_revision": 49, "git_revision": "ed57e479dae3cec20b1bdc90d982af361270ea0a", "ctags": [{"_type": "tag", "name": "WsClient", "path": "/home/kavia/workspace/code-generation/chess-mastery-platform-309890-309900/frontend_react/src/ws/client.js", "pattern": "/^export class WsClient {$/", "language": "JavaScript", "kind": "class"}, {"_type": "tag", "name": "_authAndResubscribe", "path": "/home/kavia/workspace/code-generation/chess-mastery-platform-309890-309900/frontend_react/src/ws/client.js", "pattern": "/^  _authAndResubscribe() {$/", "language": "JavaScript", "kind": "method", "signature": "()", "scope": "WsClient", "scopeKind": "class"}, {"_type": "tag", "name": "_connectInternal", "path": "/home/kavia/workspace/code-generation/chess-mastery-platform-309890-309900/frontend_react/src/ws/client.js", "pattern": "/^  _connectInternal() {$/", "language": "JavaScript", "kind": "method", "signature": "()", "scope": "WsClient", "scopeKind": "class"}, {"_type": "tag", "name": "_emit", "path": "/home/kavia/workspace/code-generation/chess-mastery-platform-309890-309900/frontend_react/src/ws/client.js", "pattern": "/^  _emit(evt) {$/", "language": "JavaScript", "kind": "method", "signature": "(evt)", "scope": "WsClient", "scopeKind": "class"}, {"_type": "tag", "name": "_flushPending", "path": "/home/kavia/workspace/code-generation/chess-mastery-platform-309890-309900/frontend_react/src/ws/client.js", "pattern": "/^  _flushPending() {$/", "language": "JavaScript", "kind": "method", "signature": "()", "scope": "WsClient", "scopeKind": "class"}, {"_type": "tag", "name": "_scheduleReconnect", "path": "/home/kavia/workspace/code-generation/chess-mastery-platform-309890-309900/frontend_react/src/ws/client.js", "pattern": "/^  _scheduleReconnect() {$/", "language": "JavaScript", "kind": "method", "signature": "()", "scope": "WsClient", "scopeKind": "class"}, {"_type": "tag", "name": "_send", "path": "/home/kavia/workspace/code-generation/chess-mastery-platform-309890-309900/frontend_react/src/ws/client.js", "pattern": "/^  _send(obj) {$/", "language": "JavaScript", "kind": "method", "signature": "(obj)", "scope": "WsClient", "scopeKind": "class"}, {"_type": "tag", "name": "connect", "path": "/home/kavia/workspace/code-generation/chess-mastery-platform-309890-309900/frontend_react/src/ws/client.js", "pattern": "/^  connect() {$/", "language": "JavaScript", "kind": "method", "signature": "()", "scope": "WsClient", "scopeKind": "class"}, {"_type": "tag", "name": "constructor", "path": "/home/kavia/workspace/code-generation/chess-mastery-platform-309890-309900/frontend_react/src/ws/client.js", "pattern": "/^  constructor({ apiBaseUrl, getToken, onEvent }) {$/", "language": "JavaScript", "kind": "method", "signature": "({ apiBaseUrl, getToken, onEvent })", "scope": "WsClient", "scopeKind": "class"}, {"_type": "tag", "name": "disconnect", "path": "/home/kavia/workspace/code-generation/chess-mastery-platform-309890-309900/frontend_react/src/ws/client.js", "pattern": "/^  disconnect() {$/", "language": "JavaScript", "kind": "method", "signature": "()", "scope": "WsClient", "scopeKind": "class"}, {"_type": "tag", "name": "getWsUrlFromEnv", "path": "/home/kavia/workspace/code-generation/chess-mastery-platform-309890-309900/frontend_react/src/ws/client.js", "pattern": "/^function getWsUrlFromEnv(apiBaseUrl) {$/", "language": "JavaScript", "kind": "function", "signature": "(apiBaseUrl)"}, {"_type": "tag", "name": "joinGame", "path": "/home/kavia/workspace/code-generation/chess-mastery-platform-309890-309900/frontend_react/src/ws/client.js", "pattern": "/^  joinGame(gameId) {$/", "language": "JavaScript", "kind": "method", "signature": "(gameId)", "scope": "WsClient", "scopeKind": "class"}, {"_type": "tag", "name": "leaveGame", "path": "/home/kavia/workspace/code-generation/chess-mastery-platform-309890-309900/frontend_react/src/ws/client.js", "pattern": "/^  leaveGame(gameId) {$/", "language": "JavaScript", "kind": "method", "signature": "(gameId)", "scope": "WsClient", "scopeKind": "class"}, {"_type": "tag", "name": "ping", "path": "/home/kavia/workspace/code-generation/chess-mastery-platform-309890-309900/frontend_react/src/ws/client.js", "pattern": "/^  ping() {$/", "language": "JavaScript", "kind": "method", "signature": "()", "scope": "WsClient", "scopeKind": "class"}], "hash": "2afedf6bab6d6c3fa23cf7591cbeb55c", "format-version": 4, "code-base-name": "frontend_react", "filename": "frontend_react/src/ws/client.js", "revision_history": [{"49": "ed57e479dae3cec20b1bdc90d982af361270ea0a"}]}