{"is_source_file": true, "file_id": 14, "git_revision": "", "state": 1, "description": "", "external_files": [], "external_methods": [], "published": [], "classes": [], "methods": [], "calls": [], "search-terms": [], "ctags": [{"_type": "tag", "name": "WsClient", "path": "/home/kavia/workspace/code-generation/chess-mastery-platform-309890-309900/frontend_react/src/ws/client.js", "pattern": "/^export class WsClient {$/", "language": "JavaScript", "kind": "class"}, {"_type": "tag", "name": "_authAndResubscribe", "path": "/home/kavia/workspace/code-generation/chess-mastery-platform-309890-309900/frontend_react/src/ws/client.js", "pattern": "/^  _authAndResubscribe() {$/", "language": "JavaScript", "kind": "method", "signature": "()", "scope": "WsClient", "scopeKind": "class"}, {"_type": "tag", "name": "_connectInternal", "path": "/home/kavia/workspace/code-generation/chess-mastery-platform-309890-309900/frontend_react/src/ws/client.js", "pattern": "/^  _connectInternal() {$/", "language": "JavaScript", "kind": "method", "signature": "()", "scope": "WsClient", "scopeKind": "class"}, {"_type": "tag", "name": "_emit", "path": "/home/kavia/workspace/code-generation/chess-mastery-platform-309890-309900/frontend_react/src/ws/client.js", "pattern": "/^  _emit(evt) {$/", "language": "JavaScript", "kind": "method", "signature": "(evt)", "scope": "WsClient", "scopeKind": "class"}, {"_type": "tag", "name": "_flushPending", "path": "/home/kavia/workspace/code-generation/chess-mastery-platform-309890-309900/frontend_react/src/ws/client.js", "pattern": "/^  _flushPending() {$/", "language": "JavaScript", "kind": "method", "signature": "()", "scope": "WsClient", "scopeKind": "class"}, {"_type": "tag", "name": "_scheduleReconnect", "path": "/home/kavia/workspace/code-generation/chess-mastery-platform-309890-309900/frontend_react/src/ws/client.js", "pattern": "/^  _scheduleReconnect() {$/", "language": "JavaScript", "kind": "method", "signature": "()", "scope": "WsClient", "scopeKind": "class"}, {"_type": "tag", "name": "_send", "path": "/home/kavia/workspace/code-generation/chess-mastery-platform-309890-309900/frontend_react/src/ws/client.js", "pattern": "/^  _send(obj) {$/", "language": "JavaScript", "kind": "method", "signature": "(obj)", "scope": "WsClient", "scopeKind": "class"}, {"_type": "tag", "name": "connect", "path": "/home/kavia/workspace/code-generation/chess-mastery-platform-309890-309900/frontend_react/src/ws/client.js", "pattern": "/^  connect() {$/", "language": "JavaScript", "kind": "method", "signature": "()", "scope": "WsClient", "scopeKind": "class"}, {"_type": "tag", "name": "constructor", "path": "/home/kavia/workspace/code-generation/chess-mastery-platform-309890-309900/frontend_react/src/ws/client.js", "pattern": "/^  constructor({ apiBaseUrl, getToken, onEvent }) {$/", "language": "JavaScript", "kind": "method", "signature": "({ apiBaseUrl, getToken, onEvent })", "scope": "WsClient", "scopeKind": "class"}, {"_type": "tag", "name": "disconnect", "path": "/home/kavia/workspace/code-generation/chess-mastery-platform-309890-309900/frontend_react/src/ws/client.js", "pattern": "/^  disconnect() {$/", "language": "JavaScript", "kind": "method", "signature": "()", "scope": "WsClient", "scopeKind": "class"}, {"_type": "tag", "name": "getWsUrlFromEnv", "path": "/home/kavia/workspace/code-generation/chess-mastery-platform-309890-309900/frontend_react/src/ws/client.js", "pattern": "/^function getWsUrlFromEnv(apiBaseUrl) {$/", "language": "JavaScript", "kind": "function", "signature": "(apiBaseUrl)"}, {"_type": "tag", "name": "joinGame", "path": "/home/kavia/workspace/code-generation/chess-mastery-platform-309890-309900/frontend_react/src/ws/client.js", "pattern": "/^  joinGame(gameId) {$/", "language": "JavaScript", "kind": "method", "signature": "(gameId)", "scope": "WsClient", "scopeKind": "class"}, {"_type": "tag", "name": "leaveGame", "path": "/home/kavia/workspace/code-generation/chess-mastery-platform-309890-309900/frontend_react/src/ws/client.js", "pattern": "/^  leaveGame(gameId) {$/", "language": "JavaScript", "kind": "method", "signature": "(gameId)", "scope": "WsClient", "scopeKind": "class"}, {"_type": "tag", "name": "ping", "path": "/home/kavia/workspace/code-generation/chess-mastery-platform-309890-309900/frontend_react/src/ws/client.js", "pattern": "/^  ping() {$/", "language": "JavaScript", "kind": "method", "signature": "()", "scope": "WsClient", "scopeKind": "class"}], "format": "JavaScript", "hash": "2afedf6bab6d6c3fa23cf7591cbeb55c", "format-version": 4, "code-base-name": "frontend_react", "filename": "frontend_react/src/ws/client.js", "knowledge_revision": 28}