{"is_source_file": false, "format": "", "description": "", "external_files": [], "external_methods": [], "published": [], "classes": [], "methods": [], "calls": [], "search-terms": [], "state": 2, "file_id": 2, "knowledge_revision": 79, "git_revision": "47ef601b5b55fe92a34664d8cccae436cc468c22", "revision_history": [{"75": "47ef601b5b55fe92a34664d8cccae436cc468c22"}, {"79": "47ef601b5b55fe92a34664d8cccae436cc468c22"}], "hash": "e4cdebd3f2e17cc86fe215e951678eda", "format-version": 4, "code-base-name": "frontend_react", "filename": "frontend_react/README.md"}