{"is_source_file": true, "file_id": 25, "git_revision": "ed57e479dae3cec20b1bdc90d982af361270ea0a", "state": 1, "description": "", "external_files": [], "external_methods": [], "published": [], "classes": [], "methods": [], "calls": [], "search-terms": [], "ctags": [{"_type": "tag", "name": "ProfilePage", "path": "/home/kavia/workspace/code-generation/chess-mastery-platform-309890-309900/frontend_react/src/pages/ProfilePage.js", "pattern": "/^export function ProfilePage() {$/", "language": "JavaScript", "kind": "function", "signature": "()"}], "format": "JavaScript", "hash": "1d3c13ee82f1ed85c41c42ba92b26e6c", "format-version": 4, "code-base-name": "frontend_react", "filename": "frontend_react/src/pages/ProfilePage.js", "knowledge_revision": 39}