{"is_source_file": false, "format": "", "description": "", "external_files": [], "external_methods": [], "published": [], "classes": [], "methods": [], "calls": [], "search-terms": [], "state": 2, "file_id": 3, "knowledge_revision": 15, "git_revision": "0ee30ab6ce56e86764fbf3656a140eb511d6f835", "hash": "d001d53c059625c4bcf75bf5a7f3fcf0", "format-version": 4, "code-base-name": "frontend_react", "filename": "frontend_react/package.json", "revision_history": [{"15": "0ee30ab6ce56e86764fbf3656a140eb511d6f835"}]}