{"is_source_file": true, "format": "JavaScript (React JSX)", "description": "This file defines a React component 'HistoryPage' for displaying a user's game history and move analysis in a chess platform. It fetches game data and move data from an API, manages UI state, and renders game lists and move analysis modals.", "external_files": ["../components/ui", "../api/client"], "external_methods": ["api.history.myGames", "api.games.getMoves"], "published": ["HistoryPage"], "classes": [], "methods": [{"name": "HistoryPage()", "description": "React functional component that displays game history, fetches data from API, and manages modal for move analysis.", "scope": "", "scopeKind": ""}, {"name": "openAnalysis", "description": "Async function to load move data for a selected game and open the analysis modal."}, {"name": "load()", "scope": "HistoryPage", "scopeKind": "function", "description": "unavailable"}], "calls": ["api.history.myGames", "api.games.getMoves", "setGames", "setErr", "setLoading", "setOpenGameId", "setMoves", "setMovesErr", "setMovesLoading"], "search-terms": ["HistoryPage", "useEffect", "game history", "move analysis modal", "API fetch", "React state management"], "state": 2, "file_id": 27, "knowledge_revision": 62, "git_revision": "ed57e479dae3cec20b1bdc90d982af361270ea0a", "ctags": [{"_type": "tag", "name": "HistoryPage", "path": "/home/kavia/workspace/code-generation/chess-mastery-platform-309890-309900/frontend_react/src/pages/HistoryPage.js", "pattern": "/^export function HistoryPage() {$/", "language": "JavaScript", "kind": "function", "signature": "()"}, {"_type": "tag", "name": "load", "path": "/home/kavia/workspace/code-generation/chess-mastery-platform-309890-309900/frontend_react/src/pages/HistoryPage.js", "pattern": "/^    async function load() {$/", "language": "JavaScript", "kind": "function", "signature": "()", "scope": "HistoryPage", "scopeKind": "function"}], "hash": "4af0130c287278ece8326859f3ae4989", "format-version": 4, "code-base-name": "frontend_react", "filename": "frontend_react/src/pages/HistoryPage.js", "revision_history": [{"62": "ed57e479dae3cec20b1bdc90d982af361270ea0a"}]}