{"is_source_file": true, "format": "JavaScript React", "description": "Main application component for a React-based chess platform, including routing, navigation, authentication state management, and layout components.", "external_files": ["./state/AuthContext", "./pages/ProtectedRoute", "./pages/LoginPage", "./pages/RegisterPage", "./pages/GamePage", "./pages/ProfilePage", "./pages/HistoryPage", "./pages/LeaderboardsPage", "./App.css"], "external_methods": ["useAuth", "logout"], "published": ["App"], "classes": [], "methods": [{"name": "Navbar()", "description": "Navigation bar component that changes links based on authentication status.", "scope": "", "scopeKind": ""}, {"name": "Footer()", "description": "Footer component with links and disclaimers.", "scope": "", "scopeKind": ""}, {"name": "AppRoutes()", "description": "Defines routing for different pages in the application.", "scope": "", "scopeKind": ""}, {"name": "App()", "description": "Root application component that sets up context providers, layout, and routing.", "scope": "AppRoutes", "scopeKind": "function"}], "calls": ["useEffect", "document.documentElement.setAttribute", "useAuth", "logout"], "search-terms": ["React App with Routing", "Navigation bar with auth logic", "Protected routes", "Chess platform frontend", "AuthContext usage", "App component layout"], "state": 2, "file_id": 6, "knowledge_revision": 64, "git_revision": "ed57e479dae3cec20b1bdc90d982af361270ea0a", "revision_history": [{"24": "0ee30ab6ce56e86764fbf3656a140eb511d6f835"}, {"43": "ed57e479dae3cec20b1bdc90d982af361270ea0a"}, {"64": "ed57e479dae3cec20b1bdc90d982af361270ea0a"}], "ctags": [{"_type": "tag", "name": "App", "path": "/home/kavia/workspace/code-generation/chess-mastery-platform-309890-309900/frontend_react/src/App.js", "pattern": "/^function App() {$/", "language": "JavaScript", "kind": "function", "signature": "()", "scope": "AppRoutes", "scopeKind": "function"}, {"_type": "tag", "name": "AppRoutes", "path": "/home/kavia/workspace/code-generation/chess-mastery-platform-309890-309900/frontend_react/src/App.js", "pattern": "/^function AppRoutes() {$/", "language": "JavaScript", "kind": "function", "signature": "()"}, {"_type": "tag", "name": "Footer", "path": "/home/kavia/workspace/code-generation/chess-mastery-platform-309890-309900/frontend_react/src/App.js", "pattern": "/^function Footer() {$/", "language": "JavaScript", "kind": "function", "signature": "()"}, {"_type": "tag", "name": "Navbar", "path": "/home/kavia/workspace/code-generation/chess-mastery-platform-309890-309900/frontend_react/src/App.js", "pattern": "/^function Navbar() {$/", "language": "JavaScript", "kind": "function", "signature": "()"}], "hash": "9c75d36a712b09590489ac48576b5177", "format-version": 4, "code-base-name": "frontend_react", "filename": "frontend_react/src/App.js"}