{"is_source_file": true, "format": "JavaScript (React JSX)", "description": "This file defines a React component called ChatPanel that provides an in-game chat interface with polling-based message updates via REST API calls. It manages state for messages, loading status, error messages, and user input, and renders a chat message list with a message input area and send button.", "external_files": ["../api/client", "./ui", "../state/AuthContext"], "external_methods": ["api.chat.list", "api.chat.send", "useAuth"], "published": ["ChatPanel"], "classes": [], "methods": [{"name": "ChatPanel({ gameId, disabled })", "description": "Functional React component for in-game chat with polling.", "scope": "", "scopeKind": ""}], "calls": ["api.chat.list", "api.chat.send", "useAuth", "setInterval", "clearInterval", "setMessages", "setLoading", "setErr", "setText", "setTimeout", "scrollIntoView"], "search-terms": ["React chat component", "polling in React", "In-game chat REST", "useEffect polling", "ChatPanel React component"], "state": 2, "file_id": 20, "knowledge_revision": 65, "git_revision": "ed57e479dae3cec20b1bdc90d982af361270ea0a", "revision_history": [{"55": "ed57e479dae3cec20b1bdc90d982af361270ea0a"}, {"65": "ed57e479dae3cec20b1bdc90d982af361270ea0a"}], "ctags": [{"_type": "tag", "name": "3", "path": "/home/kavia/workspace/code-generation/chess-mastery-platform-309890-309900/frontend_react/src/components/ChatPanel.js", "pattern": "/^          rows={3}$/", "language": "JavaScript", "kind": "field", "scope": "rows", "scopeKind": "class"}, {"_type": "tag", "name": "CHAT_POLL_MS", "path": "/home/kavia/workspace/code-generation/chess-mastery-platform-309890-309900/frontend_react/src/components/ChatPanel.js", "pattern": "/^const CHAT_POLL_MS = 2000;$/", "language": "JavaScript", "kind": "constant"}, {"_type": "tag", "name": "ChatPanel", "path": "/home/kavia/workspace/code-generation/chess-mastery-platform-309890-309900/frontend_react/src/components/ChatPanel.js", "pattern": "/^export function ChatPanel({ gameId, disabled }) {$/", "language": "JavaScript", "kind": "function", "signature": "({ gameId, disabled })"}, {"_type": "tag", "name": "disabled", "path": "/home/kavia/workspace/code-generation/chess-mastery-platform-309890-309900/frontend_react/src/components/ChatPanel.js", "pattern": "/^          disabled={disabled || !gameId}$/", "language": "JavaScript", "kind": "field", "scope": "disabled", "scopeKind": "class"}, {"_type": "tag", "name": "disabled", "path": "/home/kavia/workspace/code-generation/chess-mastery-platform-309890-309900/frontend_react/src/components/ChatPanel.js", "pattern": "/^          placeholder={disabled ? 'Join a game to chat\u2026' : 'Say something\u2026'}$/", "language": "JavaScript", "kind": "field", "scope": "placeholder", "scopeKind": "class"}, {"_type": "tag", "name": "text", "path": "/home/kavia/workspace/code-generation/chess-mastery-platform-309890-309900/frontend_react/src/components/ChatPanel.js", "pattern": "/^          value={text}$/", "language": "JavaScript", "kind": "field", "scope": "value", "scopeKind": "class"}], "hash": "776c5c0b5fb8383d3d166ff54ed759b5", "format-version": 4, "code-base-name": "frontend_react", "filename": "frontend_react/src/components/ChatPanel.js", "fields": [{"name": "rows={3}", "scope": "rows", "scopeKind": "class", "description": "unavailable"}, {"name": "disabled={disabled || !gameId}", "scope": "disabled", "scopeKind": "class", "description": "unavailable"}, {"name": "placeholder={disabled ? 'Join a game to chat\u2026' : 'Say something\u2026'}", "scope": "placeholder", "scopeKind": "class", "description": "unavailable"}, {"name": "value={text}", "scope": "value", "scopeKind": "class", "description": "unavailable"}]}