{"is_source_file": true, "format": "JavaScript", "description": "This file provides a mock API layer for a frontend Chess application, simulating backend interactions using localStorage and in-memory data. It includes user registration, login, game management, move submission, chat, and leaderboard functionalities, enabling offline and testing scenarios.", "external_files": [], "external_methods": [], "published": ["createMockApi"], "classes": [], "methods": [{"name": "createMockApi({ tokenKey = 'cmp_token' } = {})", "description": "Creates a mock API object that mimics the real backend client, backed by localStorage, including authentication, game management, chat, and leaderboard methods.", "scope": "", "scopeKind": ""}, {"name": "appendMove(gameId, san)", "scope": "", "scopeKind": "", "description": "unavailable"}, {"name": "basicEloUpdate({ winnerId, loserId })", "scope": "", "scopeKind": "", "description": "unavailable"}, {"name": "createGame({ whiteUser, blackUser })", "scope": "", "scopeKind": "", "description": "unavailable"}, {"name": "delay(ms = 150)", "scope": "", "scopeKind": "", "description": "unavailable"}, {"name": "findUserByUsernameOrEmail(usernameOrEmail)", "scope": "", "scopeKind": "", "description": "unavailable"}, {"name": "getInitialSeedStore()", "scope": "", "scopeKind": "", "description": "unavailable"}, {"name": "getOrCreateActiveMatchForUser(userId)", "scope": "", "scopeKind": "", "description": "unavailable"}, {"name": "getToken()", "scope": "createMockApi", "scopeKind": "function", "description": "unavailable"}, {"name": "getUserById(userId)", "scope": "", "scopeKind": "", "description": "unavailable"}, {"name": "loadStore()", "scope": "", "scopeKind": "", "description": "unavailable"}, {"name": "maybeAutoOpponentMove(gameId, actingUserId)", "scope": "", "scopeKind": "", "description": "unavailable"}, {"name": "nowIso()", "scope": "", "scopeKind": "", "description": "unavailable"}, {"name": "randomId(prefix)", "scope": "", "scopeKind": "", "description": "unavailable"}, {"name": "requireAuth(token)", "scope": "", "scopeKind": "", "description": "unavailable"}, {"name": "safeJsonParse(s, fallback)", "scope": "", "scopeKind": "", "description": "unavailable"}, {"name": "saveStore()", "scope": "", "scopeKind": "", "description": "unavailable"}, {"name": "setToken(token)", "scope": "createMockApi", "scopeKind": "function", "description": "unavailable"}, {"name": "tokenToUser(token)", "scope": "", "scopeKind": "", "description": "unavailable"}], "calls": ["loadStore", "saveStore", "randomId", "nowIso", "safeJsonParse", "findUserByUsernameOrEmail", "getUserById", "requireAuth", "appendMove", "basicEloUpdate", "createGame", "maybeAutoOpponentMove", "setToken"], "search-terms": ["mockApi", "localStorage", "simulate backend", "offline mode", "chess game simulation", "user registration", "move submission", "chat messages", "leaderboard", "auto opponent", "mock backend", "test environment"], "state": 2, "file_id": 29, "knowledge_revision": 76, "git_revision": "47ef601b5b55fe92a34664d8cccae436cc468c22", "ctags": [{"_type": "tag", "name": "STORE_KEY", "path": "/home/kavia/workspace/code-generation/chess-mastery-platform-309890-309900/frontend_react/src/api/mockApi.js", "pattern": "/^const STORE_KEY = 'cmp_mock_store_v1';$/", "language": "JavaScript", "kind": "constant"}, {"_type": "tag", "name": "_store", "path": "/home/kavia/workspace/code-generation/chess-mastery-platform-309890-309900/frontend_react/src/api/mockApi.js", "pattern": "/^let _store = null;$/", "language": "JavaScript", "kind": "variable"}, {"_type": "tag", "name": "appendMove", "path": "/home/kavia/workspace/code-generation/chess-mastery-platform-309890-309900/frontend_react/src/api/mockApi.js", "pattern": "/^function appendMove(gameId, san) {$/", "language": "JavaScript", "kind": "function", "signature": "(gameId, san)"}, {"_type": "tag", "name": "basicEloUpdate", "path": "/home/kavia/workspace/code-generation/chess-mastery-platform-309890-309900/frontend_react/src/api/mockApi.js", "pattern": "/^function basicEloUpdate({ winnerId, loserId }) {$/", "language": "JavaScript", "kind": "function", "signature": "({ winnerId, loserId })"}, {"_type": "tag", "name": "black_user_id", "path": "/home/kavia/workspace/code-generation/chess-mastery-platform-309890-309900/frontend_react/src/api/mockApi.js", "pattern": "/^    black_user_id: blackUser.id,$/", "language": "JavaScript", "kind": "property", "scope": "createGame.game", "scopeKind": "class"}, {"_type": "tag", "name": "black_username", "path": "/home/kavia/workspace/code-generation/chess-mastery-platform-309890-309900/frontend_react/src/api/mockApi.js", "pattern": "/^    black_username: blackUser.username,$/", "language": "JavaScript", "kind": "property", "scope": "createGame.game", "scopeKind": "class"}, {"_type": "tag", "name": "color", "path": "/home/kavia/workspace/code-generation/chess-mastery-platform-309890-309900/frontend_react/src/api/mockApi.js", "pattern": "/^              color: whiteUser.id === opponent.id ? 'white' : 'black',$/", "language": "JavaScript", "kind": "property", "scope": "store.matchmaking.matches", "scopeKind": "class"}, {"_type": "tag", "name": "color", "path": "/home/kavia/workspace/code-generation/chess-mastery-platform-309890-309900/frontend_react/src/api/mockApi.js", "pattern": "/^              color: whiteUser.id === user.id ? 'white' : 'black',$/", "language": "JavaScript", "kind": "property", "scope": "store.matchmaking.matches", "scopeKind": "class"}, {"_type": "tag", "name": "createGame", "path": "/home/kavia/workspace/code-generation/chess-mastery-platform-309890-309900/frontend_react/src/api/mockApi.js", "pattern": "/^function createGame({ whiteUser, blackUser }) {$/", "language": "JavaScript", "kind": "function", "signature": "({ whiteUser, blackUser })"}, {"_type": "tag", "name": "createMockApi", "path": "/home/kavia/workspace/code-generation/chess-mastery-platform-309890-309900/frontend_react/src/api/mockApi.js", "pattern": "/^export function createMockApi({ tokenKey = 'cmp_token' } = {}) {$/", "language": "JavaScript", "kind": "function", "signature": "({ tokenKey = 'cmp_token' } = {})"}, {"_type": "tag", "name": "created_at", "path": "/home/kavia/workspace/code-generation/chess-mastery-platform-309890-309900/frontend_react/src/api/mockApi.js", "pattern": "/^              created_at: nowIso(),$/", "language": "JavaScript", "kind": "property", "scope": "store.matchmaking.matches", "scopeKind": "class"}, {"_type": "tag", "name": "created_at", "path": "/home/kavia/workspace/code-generation/chess-mastery-platform-309890-309900/frontend_react/src/api/mockApi.js", "pattern": "/^          created_at: nowIso(),$/", "language": "JavaScript", "kind": "property", "scope": "createMockApi.msg", "scopeKind": "class"}, {"_type": "tag", "name": "created_at", "path": "/home/kavia/workspace/code-generation/chess-mastery-platform-309890-309900/frontend_react/src/api/mockApi.js", "pattern": "/^          created_at: nowIso(),$/", "language": "JavaScript", "kind": "property", "scope": "createMockApi.newUser", "scopeKind": "class"}, {"_type": "tag", "name": "created_at", "path": "/home/kavia/workspace/code-generation/chess-mastery-platform-309890-309900/frontend_react/src/api/mockApi.js", "pattern": "/^    created_at: nowIso(),$/", "language": "JavaScript", "kind": "property", "scope": "createGame.game", "scopeKind": "class"}, {"_type": "tag", "name": "current_fen", "path": "/home/kavia/workspace/code-generation/chess-mastery-platform-309890-309900/frontend_react/src/api/mockApi.js", "pattern": "/^    current_fen: 'rnbqkbnr\\/pppppppp\\/8\\/8\\/8\\/8\\/PPPPPPPP\\/RNBQKBNR w KQkq - 0 1',$/", "language": "JavaScript", "kind": "property", "scope": "createGame.game", "scopeKind": "class"}, {"_type": "tag", "name": "delay", "path": "/home/kavia/workspace/code-generation/chess-mastery-platform-309890-309900/frontend_react/src/api/mockApi.js", "pattern": "/^function delay(ms = 150) {$/", "language": "JavaScript", "kind": "function", "signature": "(ms = 150)"}, {"_type": "tag", "name": "email", "path": "/home/kavia/workspace/code-generation/chess-mastery-platform-309890-309900/frontend_react/src/api/mockApi.js", "pattern": "/^          email: e,$/", "language": "JavaScript", "kind": "property", "scope": "createMockApi.newUser", "scopeKind": "class"}, {"_type": "tag", "name": "findUserByUsernameOrEmail", "path": "/home/kavia/workspace/code-generation/chess-mastery-platform-309890-309900/frontend_react/src/api/mockApi.js", "pattern": "/^function findUserByUsernameOrEmail(usernameOrEmail) {$/", "language": "JavaScript", "kind": "function", "signature": "(usernameOrEmail)"}, {"_type": "tag", "name": "game", "path": "/home/kavia/workspace/code-generation/chess-mastery-platform-309890-309900/frontend_react/src/api/mockApi.js", "pattern": "/^  const game = {$/", "language": "JavaScript", "kind": "class", "scope": "createGame", "scopeKind": "class"}, {"_type": "tag", "name": "gameId", "path": "/home/kavia/workspace/code-generation/chess-mastery-platform-309890-309900/frontend_react/src/api/mockApi.js", "pattern": "/^              gameId: game.id,$/", "language": "JavaScript", "kind": "property", "scope": "store.matchmaking.matches", "scopeKind": "class"}, {"_type": "tag", "name": "game_id", "path": "/home/kavia/workspace/code-generation/chess-mastery-platform-309890-309900/frontend_react/src/api/mockApi.js", "pattern": "/^          game_id: gameId,$/", "language": "JavaScript", "kind": "property", "scope": "createMockApi.msg", "scopeKind": "class"}, {"_type": "tag", "name": "game_id", "path": "/home/kavia/workspace/code-generation/chess-mastery-platform-309890-309900/frontend_react/src/api/mockApi.js", "pattern": "/^    game_id: gameId,$/", "language": "JavaScript", "kind": "property", "scope": "appendMove.move", "scopeKind": "class"}, {"_type": "tag", "name": "getInitialSeedStore", "path": "/home/kavia/workspace/code-generation/chess-mastery-platform-309890-309900/frontend_react/src/api/mockApi.js", "pattern": "/^function getInitialSeedStore() {$/", "language": "JavaScript", "kind": "function", "signature": "()"}, {"_type": "tag", "name": "getOrCreateActiveMatchForUser", "path": "/home/kavia/workspace/code-generation/chess-mastery-platform-309890-309900/frontend_react/src/api/mockApi.js", "pattern": "/^function getOrCreateActiveMatchForUser(userId) {$/", "language": "JavaScript", "kind": "function", "signature": "(userId)"}, {"_type": "tag", "name": "getToken", "path": "/home/kavia/workspace/code-generation/chess-mastery-platform-309890-309900/frontend_react/src/api/mockApi.js", "pattern": "/^  function getToken() {$/", "language": "JavaScript", "kind": "function", "signature": "()", "scope": "createMockApi", "scopeKind": "function"}, {"_type": "tag", "name": "getUserById", "path": "/home/kavia/workspace/code-generation/chess-mastery-platform-309890-309900/frontend_react/src/api/mockApi.js", "pattern": "/^function getUserById(userId) {$/", "language": "JavaScript", "kind": "function", "signature": "(userId)"}, {"_type": "tag", "name": "id", "path": "/home/kavia/workspace/code-generation/chess-mastery-platform-309890-309900/frontend_react/src/api/mockApi.js", "pattern": "/^          id: randomId('chat'),$/", "language": "JavaScript", "kind": "property", "scope": "createMockApi.msg", "scopeKind": "class"}, {"_type": "tag", "name": "id", "path": "/home/kavia/workspace/code-generation/chess-mastery-platform-309890-309900/frontend_react/src/api/mockApi.js", "pattern": "/^          id: randomId('user'),$/", "language": "JavaScript", "kind": "property", "scope": "createMockApi.newUser", "scopeKind": "class"}, {"_type": "tag", "name": "id", "path": "/home/kavia/workspace/code-generation/chess-mastery-platform-309890-309900/frontend_react/src/api/mockApi.js", "pattern": "/^    id: gameId,$/", "language": "JavaScript", "kind": "property", "scope": "createGame.game", "scopeKind": "class"}, {"_type": "tag", "name": "id", "path": "/home/kavia/workspace/code-generation/chess-mastery-platform-309890-309900/frontend_react/src/api/mockApi.js", "pattern": "/^    id: randomId('move'),$/", "language": "JavaScript", "kind": "property", "scope": "appendMove.move", "scopeKind": "class"}, {"_type": "tag", "name": "loadStore", "path": "/home/kavia/workspace/code-generation/chess-mastery-platform-309890-309900/frontend_react/src/api/mockApi.js", "pattern": "/^function loadStore() {$/", "language": "JavaScript", "kind": "function", "signature": "()"}, {"_type": "tag", "name": "matches", "path": "/home/kavia/workspace/code-generation/chess-mastery-platform-309890-309900/frontend_react/src/api/mockApi.js", "pattern": "/^            store.matchmaking.matches[opponent.id] = {$/", "language": "JavaScript", "kind": "class", "scope": "store.matchmaking", "scopeKind": "class"}, {"_type": "tag", "name": "matches", "path": "/home/kavia/workspace/code-generation/chess-mastery-platform-309890-309900/frontend_react/src/api/mockApi.js", "pattern": "/^            store.matchmaking.matches[user.id] = {$/", "language": "JavaScript", "kind": "class", "scope": "store.matchmaking", "scopeKind": "class"}, {"_type": "tag", "name": "maybeAutoOpponentMove", "path": "/home/kavia/workspace/code-generation/chess-mastery-platform-309890-309900/frontend_react/src/api/mockApi.js", "pattern": "/^function maybeAutoOpponentMove(gameId, actingUserId) {$/", "language": "JavaScript", "kind": "function", "signature": "(gameId, actingUserId)"}, {"_type": "tag", "name": "message_text", "path": "/home/kavia/workspace/code-generation/chess-mastery-platform-309890-309900/frontend_react/src/api/mockApi.js", "pattern": "/^          message_text: text,$/", "language": "JavaScript", "kind": "property", "scope": "createMockApi.msg", "scopeKind": "class"}, {"_type": "tag", "name": "move", "path": "/home/kavia/workspace/code-generation/chess-mastery-platform-309890-309900/frontend_react/src/api/mockApi.js", "pattern": "/^  const move = {$/", "language": "JavaScript", "kind": "class", "scope": "appendMove", "scopeKind": "class"}, {"_type": "tag", "name": "move_count", "path": "/home/kavia/workspace/code-generation/chess-mastery-platform-309890-309900/frontend_react/src/api/mockApi.js", "pattern": "/^    move_count: 0,$/", "language": "JavaScript", "kind": "property", "scope": "createGame.game", "scopeKind": "class"}, {"_type": "tag", "name": "move_number", "path": "/home/kavia/workspace/code-generation/chess-mastery-platform-309890-309900/frontend_react/src/api/mockApi.js", "pattern": "/^    move_number: moveNumber,$/", "language": "JavaScript", "kind": "property", "scope": "appendMove.move", "scopeKind": "class"}, {"_type": "tag", "name": "msg", "path": "/home/kavia/workspace/code-generation/chess-mastery-platform-309890-309900/frontend_react/src/api/mockApi.js", "pattern": "/^        const msg = {$/", "language": "JavaScript", "kind": "class", "scope": "createMockApi", "scopeKind": "class"}, {"_type": "tag", "name": "newUser", "path": "/home/kavia/workspace/code-generation/chess-mastery-platform-309890-309900/frontend_react/src/api/mockApi.js", "pattern": "/^        const newUser = {$/", "language": "JavaScript", "kind": "class", "scope": "createMockApi", "scopeKind": "class"}, {"_type": "tag", "name": "nowIso", "path": "/home/kavia/workspace/code-generation/chess-mastery-platform-309890-309900/frontend_react/src/api/mockApi.js", "pattern": "/^function nowIso() {$/", "language": "JavaScript", "kind": "function", "signature": "()"}, {"_type": "tag", "name": "password", "path": "/home/kavia/workspace/code-generation/chess-mastery-platform-309890-309900/frontend_react/src/api/mockApi.js", "pattern": "/^          password: p,$/", "language": "JavaScript", "kind": "property", "scope": "createMockApi.newUser", "scopeKind": "class"}, {"_type": "tag", "name": "randomId", "path": "/home/kavia/workspace/code-generation/chess-mastery-platform-309890-309900/frontend_react/src/api/mockApi.js", "pattern": "/^function randomId(prefix) {$/", "language": "JavaScript", "kind": "function", "signature": "(prefix)"}, {"_type": "tag", "name": "rating", "path": "/home/kavia/workspace/code-generation/chess-mastery-platform-309890-309900/frontend_react/src/api/mockApi.js", "pattern": "/^          rating: 1200,$/", "language": "JavaScript", "kind": "property", "scope": "createMockApi.newUser", "scopeKind": "class"}, {"_type": "tag", "name": "requireAuth", "path": "/home/kavia/workspace/code-generation/chess-mastery-platform-309890-309900/frontend_react/src/api/mockApi.js", "pattern": "/^function requireAuth(token) {$/", "language": "JavaScript", "kind": "function", "signature": "(token)"}, {"_type": "tag", "name": "result", "path": "/home/kavia/workspace/code-generation/chess-mastery-platform-309890-309900/frontend_react/src/api/mockApi.js", "pattern": "/^    result: null,$/", "language": "JavaScript", "kind": "property", "scope": "createGame.game", "scopeKind": "class"}, {"_type": "tag", "name": "safeJsonParse", "path": "/home/kavia/workspace/code-generation/chess-mastery-platform-309890-309900/frontend_react/src/api/mockApi.js", "pattern": "/^function safeJsonParse(s, fallback) {$/", "language": "JavaScript", "kind": "function", "signature": "(s, fallback)"}, {"_type": "tag", "name": "san", "path": "/home/kavia/workspace/code-generation/chess-mastery-platform-309890-309900/frontend_react/src/api/mockApi.js", "pattern": "/^    san,$/", "language": "JavaScript", "kind": "field", "scope": "appendMove.move", "scopeKind": "class"}, {"_type": "tag", "name": "saveStore", "path": "/home/kavia/workspace/code-generation/chess-mastery-platform-309890-309900/frontend_react/src/api/mockApi.js", "pattern": "/^function saveStore() {$/", "language": "JavaScript", "kind": "function", "signature": "()"}, {"_type": "tag", "name": "sender_user_id", "path": "/home/kavia/workspace/code-generation/chess-mastery-platform-309890-309900/frontend_react/src/api/mockApi.js", "pattern": "/^          sender_user_id: user.id,$/", "language": "JavaScript", "kind": "property", "scope": "createMockApi.msg", "scopeKind": "class"}, {"_type": "tag", "name": "setToken", "path": "/home/kavia/workspace/code-generation/chess-mastery-platform-309890-309900/frontend_react/src/api/mockApi.js", "pattern": "/^  function setToken(token) {$/", "language": "JavaScript", "kind": "function", "signature": "(token)", "scope": "createMockApi", "scopeKind": "function"}, {"_type": "tag", "name": "status", "path": "/home/kavia/workspace/code-generation/chess-mastery-platform-309890-309900/frontend_react/src/api/mockApi.js", "pattern": "/^    status: 'active',$/", "language": "JavaScript", "kind": "property", "scope": "createGame.game", "scopeKind": "class"}, {"_type": "tag", "name": "tokenToUser", "path": "/home/kavia/workspace/code-generation/chess-mastery-platform-309890-309900/frontend_react/src/api/mockApi.js", "pattern": "/^function tokenToUser(token) {$/", "language": "JavaScript", "kind": "function", "signature": "(token)"}, {"_type": "tag", "name": "updated_at", "path": "/home/kavia/workspace/code-generation/chess-mastery-platform-309890-309900/frontend_react/src/api/mockApi.js", "pattern": "/^          updated_at: nowIso(),$/", "language": "JavaScript", "kind": "property", "scope": "createMockApi.newUser", "scopeKind": "class"}, {"_type": "tag", "name": "updated_at", "path": "/home/kavia/workspace/code-generation/chess-mastery-platform-309890-309900/frontend_react/src/api/mockApi.js", "pattern": "/^    updated_at: nowIso(),$/", "language": "JavaScript", "kind": "property", "scope": "createGame.game", "scopeKind": "class"}, {"_type": "tag", "name": "username", "path": "/home/kavia/workspace/code-generation/chess-mastery-platform-309890-309900/frontend_react/src/api/mockApi.js", "pattern": "/^          username: u,$/", "language": "JavaScript", "kind": "property", "scope": "createMockApi.newUser", "scopeKind": "class"}, {"_type": "tag", "name": "white_user_id", "path": "/home/kavia/workspace/code-generation/chess-mastery-platform-309890-309900/frontend_react/src/api/mockApi.js", "pattern": "/^    white_user_id: whiteUser.id,$/", "language": "JavaScript", "kind": "property", "scope": "createGame.game", "scopeKind": "class"}, {"_type": "tag", "name": "white_username", "path": "/home/kavia/workspace/code-generation/chess-mastery-platform-309890-309900/frontend_react/src/api/mockApi.js", "pattern": "/^    white_username: whiteUser.username,$/", "language": "JavaScript", "kind": "property", "scope": "createGame.game", "scopeKind": "class"}, {"_type": "tag", "name": "winner_user_id", "path": "/home/kavia/workspace/code-generation/chess-mastery-platform-309890-309900/frontend_react/src/api/mockApi.js", "pattern": "/^    winner_user_id: null,$/", "language": "JavaScript", "kind": "property", "scope": "createGame.game", "scopeKind": "class"}], "hash": "dda74ad463cbe7fc8ec49ae934ef5928", "format-version": 4, "code-base-name": "frontend_react", "filename": "frontend_react/src/api/mockApi.js", "fields": [{"name": "let _store = null;", "scope": "", "scopeKind": "", "description": "unavailable"}, {"name": "black_user_id: blackUser.id,", "scope": "createGame.game", "scopeKind": "class", "description": "unavailable"}, {"name": "black_username: blackUser.username,", "scope": "createGame.game", "scopeKind": "class", "description": "unavailable"}, {"name": "color: whiteUser.id === opponent.id ? 'white' : 'black',", "scope": "store.matchmaking.matches", "scopeKind": "class", "description": "unavailable"}, {"name": "color: whiteUser.id === user.id ? 'white' : 'black',", "scope": "store.matchmaking.matches", "scopeKind": "class", "description": "unavailable"}, {"name": "created_at: nowIso(),", "scope": "store.matchmaking.matches", "scopeKind": "class", "description": "unavailable"}, {"name": "current_fen: 'rnbqkbnr\\/pppppppp\\/8\\/8\\/8\\/8\\/PPPPPPPP\\/RNBQKBNR w KQkq - 0 1',", "scope": "createGame.game", "scopeKind": "class", "description": "unavailable"}, {"name": "email: e,", "scope": "createMockApi.newUser", "scopeKind": "class", "description": "unavailable"}, {"name": "gameId: game.id,", "scope": "store.matchmaking.matches", "scopeKind": "class", "description": "unavailable"}, {"name": "game_id: gameId,", "scope": "createMockApi.msg", "scopeKind": "class", "description": "unavailable"}, {"name": "id: randomId('chat'),", "scope": "createMockApi.msg", "scopeKind": "class", "description": "unavailable"}, {"name": "id: randomId('user'),", "scope": "createMockApi.newUser", "scopeKind": "class", "description": "unavailable"}, {"name": "id: gameId,", "scope": "createGame.game", "scopeKind": "class", "description": "unavailable"}, {"name": "id: randomId('move'),", "scope": "appendMove.move", "scopeKind": "class", "description": "unavailable"}, {"name": "message_text: text,", "scope": "createMockApi.msg", "scopeKind": "class", "description": "unavailable"}, {"name": "move_count: 0,", "scope": "createGame.game", "scopeKind": "class", "description": "unavailable"}, {"name": "move_number: moveNumber,", "scope": "appendMove.move", "scopeKind": "class", "description": "unavailable"}, {"name": "password: p,", "scope": "createMockApi.newUser", "scopeKind": "class", "description": "unavailable"}, {"name": "rating: 1200,", "scope": "createMockApi.newUser", "scopeKind": "class", "description": "unavailable"}, {"name": "result: null,", "scope": "createGame.game", "scopeKind": "class", "description": "unavailable"}, {"name": "san,", "scope": "appendMove.move", "scopeKind": "class", "description": "unavailable"}, {"name": "sender_user_id: user.id,", "scope": "createMockApi.msg", "scopeKind": "class", "description": "unavailable"}, {"name": "status: 'active',", "scope": "createGame.game", "scopeKind": "class", "description": "unavailable"}, {"name": "updated_at: nowIso(),", "scope": "createMockApi.newUser", "scopeKind": "class", "description": "unavailable"}, {"name": "username: u,", "scope": "createMockApi.newUser", "scopeKind": "class", "description": "unavailable"}, {"name": "white_user_id: whiteUser.id,", "scope": "createGame.game", "scopeKind": "class", "description": "unavailable"}, {"name": "white_username: whiteUser.username,", "scope": "createGame.game", "scopeKind": "class", "description": "unavailable"}, {"name": "winner_user_id: null,", "scope": "createGame.game", "scopeKind": "class", "description": "unavailable"}], "revision_history": [{"76": "47ef601b5b55fe92a34664d8cccae436cc468c22"}]}