{"is_source_file": true, "format": "JavaScript (React JSX)", "description": "This file defines a React component called ProfilePage that manages user profile viewing and editing. It handles state for user data, communicates with an authentication context, and provides UI elements for editing and saving profile information.", "external_files": ["../components/ui", "../state/AuthContext"], "external_methods": ["Card", "Button", "Input", "useAuth"], "published": ["ProfilePage"], "classes": [], "methods": [{"name": "save", "description": "Asynchronous function that updates the user's profile with the current username and email, and handles success or error messages."}, {"name": "ProfilePage()", "scope": "", "scopeKind": "", "description": "unavailable"}], "calls": ["actions.updateProfile", "setSaving", "setErr", "setMsg", "useMemo", "useState"], "search-terms": ["ProfilePage", "React component", "user profile editing", "useAuth", "updateProfile", "useState hooks", "save profile"], "state": 2, "file_id": 25, "knowledge_revision": 60, "git_revision": "ed57e479dae3cec20b1bdc90d982af361270ea0a", "ctags": [{"_type": "tag", "name": "ProfilePage", "path": "/home/kavia/workspace/code-generation/chess-mastery-platform-309890-309900/frontend_react/src/pages/ProfilePage.js", "pattern": "/^export function ProfilePage() {$/", "language": "JavaScript", "kind": "function", "signature": "()"}], "hash": "1d3c13ee82f1ed85c41c42ba92b26e6c", "format-version": 4, "code-base-name": "frontend_react", "filename": "frontend_react/src/pages/ProfilePage.js", "revision_history": [{"60": "ed57e479dae3cec20b1bdc90d982af361270ea0a"}]}