{"is_source_file": true, "format": "JavaScript (React JSX)", "description": "This file defines a React component named MatchmakingModal that manages user interactions for joining or leaving a game matchmaking queue. It uses hooks for state management, effects for side effects, and interacts with an API and WebSocket context to handle real-time match found events.", "external_files": ["./ui", "../api/client", "../state/WsContext"], "external_methods": ["api.matchmaking.status", "api.matchmaking.join", "api.matchmaking.leave", "useWs"], "published": ["MatchmakingModal"], "classes": [], "methods": [{"name": "Join queue", "description": "Handles the user action to join the matchmaking queue by calling the relevant API endpoint and updating state."}, {"name": "Leave queue", "description": "Handles the user action to leave the matchmaking queue by calling the relevant API endpoint and updating state."}, {"name": "refresh", "description": "Fetches the current matchmaking status from the server and updates the component state."}, {"name": "MatchmakingModal({ open, onClose, onMatched })", "scope": "", "scopeKind": "", "description": "unavailable"}], "calls": ["api.matchmaking.status", "api.matchmaking.join", "api.matchmaking.leave"], "search-terms": ["MatchmakingModal", "React", "join queue", "leave queue", "WebSocket", "match_found", "useWs", "matchmaking"], "state": 2, "file_id": 21, "knowledge_revision": 56, "git_revision": "ed57e479dae3cec20b1bdc90d982af361270ea0a", "ctags": [{"_type": "tag", "name": "MatchmakingModal", "path": "/home/kavia/workspace/code-generation/chess-mastery-platform-309890-309900/frontend_react/src/components/MatchmakingModal.js", "pattern": "/^export function MatchmakingModal({ open, onClose, onMatched }) {$/", "language": "JavaScript", "kind": "function", "signature": "({ open, onClose, onMatched })"}, {"_type": "tag", "name": "onClose", "path": "/home/kavia/workspace/code-generation/chess-mastery-platform-309890-309900/frontend_react/src/components/MatchmakingModal.js", "pattern": "/^      onClose={onClose}$/", "language": "JavaScript", "kind": "field", "scope": "MatchmakingModal.onClose", "scopeKind": "class"}, {"_type": "tag", "name": "open", "path": "/home/kavia/workspace/code-generation/chess-mastery-platform-309890-309900/frontend_react/src/components/MatchmakingModal.js", "pattern": "/^      open={open}$/", "language": "JavaScript", "kind": "field", "scope": "MatchmakingModal.open", "scopeKind": "class"}, {"_type": "tag", "name": "title", "path": "/home/kavia/workspace/code-generation/chess-mastery-platform-309890-309900/frontend_react/src/components/MatchmakingModal.js", "pattern": "/^      title={title}$/", "language": "JavaScript", "kind": "field", "scope": "MatchmakingModal.title", "scopeKind": "class"}], "hash": "241272a06f8db94875066ccff686d49a", "format-version": 4, "code-base-name": "frontend_react", "filename": "frontend_react/src/components/MatchmakingModal.js", "fields": [{"name": "onClose={onClose}", "scope": "MatchmakingModal.onClose", "scopeKind": "class", "description": "unavailable"}, {"name": "open={open}", "scope": "MatchmakingModal.open", "scopeKind": "class", "description": "unavailable"}, {"name": "title={title}", "scope": "MatchmakingModal.title", "scopeKind": "class", "description": "unavailable"}], "revision_history": [{"56": "ed57e479dae3cec20b1bdc90d982af361270ea0a"}]}