{"is_source_file": true, "format": "JavaScript (React JSX)", "description": "This file defines the MatchmakingModal component in a React project, providing UI for matchmaking functionality including joining, leaving, polling for match status, and handling match events.", "external_files": ["./ui", "../api/client"], "external_methods": ["api.matchmaking.status", "api.matchmaking.join", "api.matchmaking.leave"], "published": ["MatchmakingModal"], "classes": [], "methods": [{"name": "MatchmakingModal({ open, onClose, onMatched })", "description": "React functional component that renders a modal for matchmaking controls, handles polling, join/leave actions, and communicates match status to parent components.", "scope": "", "scopeKind": ""}], "calls": ["React.useEffect", "React.useMemo", "React.useState", "api.matchmaking.status", "api.matchmaking.join", "api.matchmaking.leave"], "search-terms": ["MatchmakingModal", "Polling", "React Modal", "matchmaking", "REST polling"], "state": 2, "file_id": 21, "knowledge_revision": 66, "git_revision": "e54af0cdf61cd049a3f0a0456034a99738d8b33b", "revision_history": [{"56": "ed57e479dae3cec20b1bdc90d982af361270ea0a"}, {"66": "e54af0cdf61cd049a3f0a0456034a99738d8b33b"}], "ctags": [{"_type": "tag", "name": "MATCHMAKING_POLL_MS", "path": "/home/kavia/workspace/code-generation/chess-mastery-platform-309890-309900/frontend_react/src/components/MatchmakingModal.js", "pattern": "/^const MATCHMAKING_POLL_MS = 1500;$/", "language": "JavaScript", "kind": "constant"}, {"_type": "tag", "name": "MatchmakingModal", "path": "/home/kavia/workspace/code-generation/chess-mastery-platform-309890-309900/frontend_react/src/components/MatchmakingModal.js", "pattern": "/^export function MatchmakingModal({ open, onClose, onMatched }) {$/", "language": "JavaScript", "kind": "function", "signature": "({ open, onClose, onMatched })"}, {"_type": "tag", "name": "onClose", "path": "/home/kavia/workspace/code-generation/chess-mastery-platform-309890-309900/frontend_react/src/components/MatchmakingModal.js", "pattern": "/^      onClose={onClose}$/", "language": "JavaScript", "kind": "field", "scope": "MatchmakingModal.onClose", "scopeKind": "class"}, {"_type": "tag", "name": "open", "path": "/home/kavia/workspace/code-generation/chess-mastery-platform-309890-309900/frontend_react/src/components/MatchmakingModal.js", "pattern": "/^      open={open}$/", "language": "JavaScript", "kind": "field", "scope": "MatchmakingModal.open", "scopeKind": "class"}, {"_type": "tag", "name": "title", "path": "/home/kavia/workspace/code-generation/chess-mastery-platform-309890-309900/frontend_react/src/components/MatchmakingModal.js", "pattern": "/^      title={title}$/", "language": "JavaScript", "kind": "field", "scope": "MatchmakingModal.title", "scopeKind": "class"}], "hash": "6556e06a462a2391db637da4143e5a2c", "format-version": 4, "code-base-name": "frontend_react", "filename": "frontend_react/src/components/MatchmakingModal.js", "fields": [{"name": "onClose={onClose}", "scope": "MatchmakingModal.onClose", "scopeKind": "class", "description": "unavailable"}, {"name": "open={open}", "scope": "MatchmakingModal.open", "scopeKind": "class", "description": "unavailable"}, {"name": "title={title}", "scope": "MatchmakingModal.title", "scopeKind": "class", "description": "unavailable"}]}