{"is_source_file": true, "format": "JavaScript/JSX", "description": "This file defines the React component 'LeaderboardsPage' which displays leaderboards and recent game activity, fetching data from an API.", "external_files": ["../components/ui", "../api/client"], "external_methods": ["api.leaderboards.top", "api.leaderboards.recent"], "published": ["LeaderboardsPage"], "classes": [], "methods": [{"name": "LeaderboardsPage()", "description": "React functional component displaying top players and recent games with data fetched via API calls.", "scope": "", "scopeKind": ""}, {"name": "load()", "scope": "LeaderboardsPage", "scopeKind": "function", "description": "unavailable"}], "calls": ["React", "useEffect", "useState", "api.leaderboards.top", "api.leaderboards.recent", "setRows", "setRecent", "setErr", "Promise.all", "mounted", "load", "setRows", "setRecent", "setErr"], "search-terms": ["LeaderboardsPage", "React", "leaderboards", "recent games", "API calls", "leaderboard top", "recent games fetching", "JSX component"], "state": 2, "file_id": 26, "knowledge_revision": 61, "git_revision": "ed57e479dae3cec20b1bdc90d982af361270ea0a", "ctags": [{"_type": "tag", "name": "LeaderboardsPage", "path": "/home/kavia/workspace/code-generation/chess-mastery-platform-309890-309900/frontend_react/src/pages/LeaderboardsPage.js", "pattern": "/^export function LeaderboardsPage() {$/", "language": "JavaScript", "kind": "function", "signature": "()"}, {"_type": "tag", "name": "load", "path": "/home/kavia/workspace/code-generation/chess-mastery-platform-309890-309900/frontend_react/src/pages/LeaderboardsPage.js", "pattern": "/^    async function load() {$/", "language": "JavaScript", "kind": "function", "signature": "()", "scope": "LeaderboardsPage", "scopeKind": "function"}], "hash": "ea5497db1e36d1cbbf712b9d6a628eb4", "format-version": 4, "code-base-name": "frontend_react", "filename": "frontend_react/src/pages/LeaderboardsPage.js", "revision_history": [{"61": "ed57e479dae3cec20b1bdc90d982af361270ea0a"}]}