{"is_source_file": true, "format": "JavaScript", "description": "This file defines a React component named GamePage that implements the main user interface for a chess game platform. It manages state related to game sessions, interacts with backend APIs for game actions, and handles real-time updates via WebSocket. The component includes sub-components such as Chessboard, ChatPanel, and MatchmakingModal, and provides functionalities like joining a game, submitting moves, resigning, and drawing.", "external_files": ["../components/ui", "../components/Chessboard", "../components/ChatPanel", "../components/MatchmakingModal", "../api/client", "../state/WsContext"], "external_methods": ["api.games.getGame", "api.games.resign", "api.games.draw", "api.games.submitMove", "useWs"], "published": ["GamePage"], "classes": [], "methods": [{"name": "loadGame", "description": "Asynchronously loads a game by its ID via API and updates the component state with the game data."}, {"name": "onMatched", "description": "Handles match result by setting game ID, player color, and loading the game data."}, {"name": "resign", "description": "Handles resign action, calling the API to resign and updating game state."}, {"name": "draw", "description": "Handles draw offer action, calling the API to offer a draw and updating game state."}, {"name": "submitSan", "description": "Submits a chess move in SAN notation, updates the game state, and handles errors."}, {"name": "GamePage()", "scope": "", "scopeKind": "", "description": "unavailable"}], "calls": ["api.games.getGame", "api.games.resign", "api.games.draw", "api.games.submitMove", "client.joinGame", "client.leaveGame"], "search-terms": ["GamePage", "matchmaking", "WebSocket", "Chessboard component", "game state", "move submission", "resign", "draw", "loadGame"], "state": 2, "file_id": 28, "knowledge_revision": 63, "git_revision": "ed57e479dae3cec20b1bdc90d982af361270ea0a", "ctags": [{"_type": "tag", "name": "GamePage", "path": "/home/kavia/workspace/code-generation/chess-mastery-platform-309890-309900/frontend_react/src/pages/GamePage.js", "pattern": "/^export function GamePage() {$/", "language": "JavaScript", "kind": "function", "signature": "()"}, {"_type": "tag", "name": "fen", "path": "/home/kavia/workspace/code-generation/chess-mastery-platform-309890-309900/frontend_react/src/pages/GamePage.js", "pattern": "/^          fen={fen}$/", "language": "JavaScript", "kind": "field", "scope": "GamePage.fen", "scopeKind": "class"}, {"_type": "tag", "name": "lastMoveSan", "path": "/home/kavia/workspace/code-generation/chess-mastery-platform-309890-309900/frontend_react/src/pages/GamePage.js", "pattern": "/^          lastMoveSan={lastMoveSan}$/", "language": "JavaScript", "kind": "field", "scope": "GamePage.lastMoveSan", "scopeKind": "class"}, {"_type": "tag", "name": "moveErr", "path": "/home/kavia/workspace/code-generation/chess-mastery-platform-309890-309900/frontend_react/src/pages/GamePage.js", "pattern": "/^          error={moveErr}$/", "language": "JavaScript", "kind": "field", "scope": "GamePage.error", "scopeKind": "class"}, {"_type": "tag", "name": "moveSubmitting", "path": "/home/kavia/workspace/code-generation/chess-mastery-platform-309890-309900/frontend_react/src/pages/GamePage.js", "pattern": "/^          submitting={moveSubmitting}$/", "language": "JavaScript", "kind": "field", "scope": "GamePage.submitting", "scopeKind": "class"}, {"_type": "tag", "name": "myColor", "path": "/home/kavia/workspace/code-generation/chess-mastery-platform-309890-309900/frontend_react/src/pages/GamePage.js", "pattern": "/^          myColor={myColor}$/", "language": "JavaScript", "kind": "field", "scope": "GamePage.myColor", "scopeKind": "class"}, {"_type": "tag", "name": "status", "path": "/home/kavia/workspace/code-generation/chess-mastery-platform-309890-309900/frontend_react/src/pages/GamePage.js", "pattern": "/^          status={status}$/", "language": "JavaScript", "kind": "field", "scope": "GamePage.status", "scopeKind": "class"}, {"_type": "tag", "name": "submitSan", "path": "/home/kavia/workspace/code-generation/chess-mastery-platform-309890-309900/frontend_react/src/pages/GamePage.js", "pattern": "/^          onSubmitSan={submitSan}$/", "language": "JavaScript", "kind": "field", "scope": "GamePage.onSubmitSan", "scopeKind": "class"}], "hash": "fd623061fdaf47965e9cd86fca8e6357", "format-version": 4, "code-base-name": "frontend_react", "filename": "frontend_react/src/pages/GamePage.js", "fields": [{"name": "fen={fen}", "scope": "GamePage.fen", "scopeKind": "class", "description": "unavailable"}, {"name": "lastMoveSan={lastMoveSan}", "scope": "GamePage.lastMoveSan", "scopeKind": "class", "description": "unavailable"}, {"name": "error={moveErr}", "scope": "GamePage.error", "scopeKind": "class", "description": "unavailable"}, {"name": "submitting={moveSubmitting}", "scope": "GamePage.submitting", "scopeKind": "class", "description": "unavailable"}, {"name": "myColor={myColor}", "scope": "GamePage.myColor", "scopeKind": "class", "description": "unavailable"}, {"name": "status={status}", "scope": "GamePage.status", "scopeKind": "class", "description": "unavailable"}, {"name": "onSubmitSan={submitSan}", "scope": "GamePage.onSubmitSan", "scopeKind": "class", "description": "unavailable"}], "revision_history": [{"63": "ed57e479dae3cec20b1bdc90d982af361270ea0a"}]}