{"is_source_file": true, "file_id": 24, "git_revision": "ed57e479dae3cec20b1bdc90d982af361270ea0a", "state": 1, "description": "", "external_files": [], "external_methods": [], "published": [], "classes": [], "methods": [], "calls": [], "search-terms": [], "ctags": [{"_type": "tag", "name": "RegisterPage", "path": "/home/kavia/workspace/code-generation/chess-mastery-platform-309890-309900/frontend_react/src/pages/RegisterPage.js", "pattern": "/^export function RegisterPage() {$/", "language": "JavaScript", "kind": "function", "signature": "()"}, {"_type": "tag", "name": "password", "path": "/home/kavia/workspace/code-generation/chess-mastery-platform-309890-309900/frontend_react/src/pages/RegisterPage.js", "pattern": "/^            value={password}$/", "language": "JavaScript", "kind": "field", "scope": "RegisterPage.value", "scopeKind": "class"}], "format": "JavaScript", "hash": "b911b29e1b2afa233fcbbe20d755bf05", "format-version": 4, "code-base-name": "frontend_react", "filename": "frontend_react/src/pages/RegisterPage.js", "knowledge_revision": 38}