{"is_source_file": true, "format": "JavaScript (ES6 module)", "description": "This file provides minimal helper functions for handling FEN strings in a chess application. It includes functions for parsing FEN strings into a board representation, converting between algebraic notation and board coordinates, and mapping chess pieces to Unicode glyphs for rendering purposes. The functions are primarily used for UI rendering and basic interpretation of FEN notation without full move legality validation.", "external_files": [], "external_methods": [], "published": ["parseFen", "squareToCoords", "coordsToSquare", "pieceGlyph"], "classes": [], "methods": [{"name": "parseFen(fen)", "description": "Parses a FEN string into a board matrix and metadata such as turn and raw FEN string.", "scope": "", "scopeKind": ""}, {"name": "squareToCoords(sq)", "description": "Converts algebraic square notation (e.g., 'e4') to board coordinates with row and column indices.", "scope": "", "scopeKind": ""}, {"name": "coordsToSquare(r, c)", "description": "Converts board coordinates back to algebraic notation.", "scope": "", "scopeKind": ""}, {"name": "pieceGlyph(cell)", "description": "Returns the Unicode glyph for a given FEN cell object containing piece and color.", "scope": "", "scopeKind": ""}], "calls": ["split", "map", "test", "toUpperCase", "toLowerCase", "charCodeAt", "fromCharCode", "Number", "push"], "search-terms": ["FEN", "parseFen", "chess UI", "board matrix", "coordinates conversion", "Unicode piece glyphs", "chess notation"], "state": 2, "file_id": 17, "knowledge_revision": 52, "git_revision": "ed57e479dae3cec20b1bdc90d982af361270ea0a", "ctags": [{"_type": "tag", "name": "PIECE_GLYPHS", "path": "/home/kavia/workspace/code-generation/chess-mastery-platform-309890-309900/frontend_react/src/chess/fen.js", "pattern": "/^const PIECE_GLYPHS = {$/", "language": "JavaScript", "kind": "class"}, {"_type": "tag", "name": "bb", "path": "/home/kavia/workspace/code-generation/chess-mastery-platform-309890-309900/frontend_react/src/chess/fen.js", "pattern": "/^  bb: '\u265d',$/", "language": "JavaScript", "kind": "property", "scope": "PIECE_GLYPHS", "scopeKind": "class"}, {"_type": "tag", "name": "bk", "path": "/home/kavia/workspace/code-generation/chess-mastery-platform-309890-309900/frontend_react/src/chess/fen.js", "pattern": "/^  bk: '\u265a',$/", "language": "JavaScript", "kind": "property", "scope": "PIECE_GLYPHS", "scopeKind": "class"}, {"_type": "tag", "name": "bn", "path": "/home/kavia/workspace/code-generation/chess-mastery-platform-309890-309900/frontend_react/src/chess/fen.js", "pattern": "/^  bn: '\u265e',$/", "language": "JavaScript", "kind": "property", "scope": "PIECE_GLYPHS", "scopeKind": "class"}, {"_type": "tag", "name": "bp", "path": "/home/kavia/workspace/code-generation/chess-mastery-platform-309890-309900/frontend_react/src/chess/fen.js", "pattern": "/^  bp: '\u265f',$/", "language": "JavaScript", "kind": "property", "scope": "PIECE_GLYPHS", "scopeKind": "class"}, {"_type": "tag", "name": "bq", "path": "/home/kavia/workspace/code-generation/chess-mastery-platform-309890-309900/frontend_react/src/chess/fen.js", "pattern": "/^  bq: '\u265b',$/", "language": "JavaScript", "kind": "property", "scope": "PIECE_GLYPHS", "scopeKind": "class"}, {"_type": "tag", "name": "br", "path": "/home/kavia/workspace/code-generation/chess-mastery-platform-309890-309900/frontend_react/src/chess/fen.js", "pattern": "/^  br: '\u265c',$/", "language": "JavaScript", "kind": "property", "scope": "PIECE_GLYPHS", "scopeKind": "class"}, {"_type": "tag", "name": "coordsToSquare", "path": "/home/kavia/workspace/code-generation/chess-mastery-platform-309890-309900/frontend_react/src/chess/fen.js", "pattern": "/^export function coordsToSquare(r, c) {$/", "language": "JavaScript", "kind": "function", "signature": "(r, c)"}, {"_type": "tag", "name": "parseFen", "path": "/home/kavia/workspace/code-generation/chess-mastery-platform-309890-309900/frontend_react/src/chess/fen.js", "pattern": "/^export function parseFen(fen) {$/", "language": "JavaScript", "kind": "function", "signature": "(fen)"}, {"_type": "tag", "name": "pieceGlyph", "path": "/home/kavia/workspace/code-generation/chess-mastery-platform-309890-309900/frontend_react/src/chess/fen.js", "pattern": "/^export function pieceGlyph(cell) {$/", "language": "JavaScript", "kind": "function", "signature": "(cell)"}, {"_type": "tag", "name": "squareToCoords", "path": "/home/kavia/workspace/code-generation/chess-mastery-platform-309890-309900/frontend_react/src/chess/fen.js", "pattern": "/^export function squareToCoords(sq) {$/", "language": "JavaScript", "kind": "function", "signature": "(sq)"}, {"_type": "tag", "name": "wb", "path": "/home/kavia/workspace/code-generation/chess-mastery-platform-309890-309900/frontend_react/src/chess/fen.js", "pattern": "/^  wb: '\u2657',$/", "language": "JavaScript", "kind": "property", "scope": "PIECE_GLYPHS", "scopeKind": "class"}, {"_type": "tag", "name": "wk", "path": "/home/kavia/workspace/code-generation/chess-mastery-platform-309890-309900/frontend_react/src/chess/fen.js", "pattern": "/^  wk: '\u2654',$/", "language": "JavaScript", "kind": "property", "scope": "PIECE_GLYPHS", "scopeKind": "class"}, {"_type": "tag", "name": "wn", "path": "/home/kavia/workspace/code-generation/chess-mastery-platform-309890-309900/frontend_react/src/chess/fen.js", "pattern": "/^  wn: '\u2658',$/", "language": "JavaScript", "kind": "property", "scope": "PIECE_GLYPHS", "scopeKind": "class"}, {"_type": "tag", "name": "wp", "path": "/home/kavia/workspace/code-generation/chess-mastery-platform-309890-309900/frontend_react/src/chess/fen.js", "pattern": "/^  wp: '\u2659',$/", "language": "JavaScript", "kind": "property", "scope": "PIECE_GLYPHS", "scopeKind": "class"}, {"_type": "tag", "name": "wq", "path": "/home/kavia/workspace/code-generation/chess-mastery-platform-309890-309900/frontend_react/src/chess/fen.js", "pattern": "/^  wq: '\u2655',$/", "language": "JavaScript", "kind": "property", "scope": "PIECE_GLYPHS", "scopeKind": "class"}, {"_type": "tag", "name": "wr", "path": "/home/kavia/workspace/code-generation/chess-mastery-platform-309890-309900/frontend_react/src/chess/fen.js", "pattern": "/^  wr: '\u2656',$/", "language": "JavaScript", "kind": "property", "scope": "PIECE_GLYPHS", "scopeKind": "class"}], "hash": "4bb6243e1cef00a46f06dcc6adcf4e7d", "format-version": 4, "code-base-name": "frontend_react", "filename": "frontend_react/src/chess/fen.js", "fields": [{"name": "bb: '\u265d',", "scope": "PIECE_GLYPHS", "scopeKind": "class", "description": "unavailable"}, {"name": "bk: '\u265a',", "scope": "PIECE_GLYPHS", "scopeKind": "class", "description": "unavailable"}, {"name": "bn: '\u265e',", "scope": "PIECE_GLYPHS", "scopeKind": "class", "description": "unavailable"}, {"name": "bp: '\u265f',", "scope": "PIECE_GLYPHS", "scopeKind": "class", "description": "unavailable"}, {"name": "bq: '\u265b',", "scope": "PIECE_GLYPHS", "scopeKind": "class", "description": "unavailable"}, {"name": "br: '\u265c',", "scope": "PIECE_GLYPHS", "scopeKind": "class", "description": "unavailable"}, {"name": "wb: '\u2657',", "scope": "PIECE_GLYPHS", "scopeKind": "class", "description": "unavailable"}, {"name": "wk: '\u2654',", "scope": "PIECE_GLYPHS", "scopeKind": "class", "description": "unavailable"}, {"name": "wn: '\u2658',", "scope": "PIECE_GLYPHS", "scopeKind": "class", "description": "unavailable"}, {"name": "wp: '\u2659',", "scope": "PIECE_GLYPHS", "scopeKind": "class", "description": "unavailable"}, {"name": "wq: '\u2655',", "scope": "PIECE_GLYPHS", "scopeKind": "class", "description": "unavailable"}, {"name": "wr: '\u2656',", "scope": "PIECE_GLYPHS", "scopeKind": "class", "description": "unavailable"}], "revision_history": [{"52": "ed57e479dae3cec20b1bdc90d982af361270ea0a"}]}