{"is_source_file": true, "format": "JavaScript", "description": "This file defines a React component for a user registration page, including form handling, state management, and navigation upon successful registration.", "external_files": ["../components/ui", "../state/AuthContext", "react", "react-router-dom"], "external_methods": ["useAuth", "useNavigate", "Link", "Card", "Button", "Input"], "published": ["RegisterPage"], "classes": [], "methods": [{"name": "RegisterPage()", "description": "React functional component rendering a registration form, handling user input, form submission, and navigation.", "scope": "", "scopeKind": ""}], "calls": ["useAuth().actions.register", "useNavigate()", "navigate('/')", "setErr", "setSubmitting", "setUsername", "setEmail", "setPassword"], "search-terms": ["React registration component", "useAuth hook", "react-router-dom navigation", "registration form", "state management"], "state": 2, "file_id": 24, "knowledge_revision": 59, "git_revision": "ed57e479dae3cec20b1bdc90d982af361270ea0a", "ctags": [{"_type": "tag", "name": "RegisterPage", "path": "/home/kavia/workspace/code-generation/chess-mastery-platform-309890-309900/frontend_react/src/pages/RegisterPage.js", "pattern": "/^export function RegisterPage() {$/", "language": "JavaScript", "kind": "function", "signature": "()"}, {"_type": "tag", "name": "password", "path": "/home/kavia/workspace/code-generation/chess-mastery-platform-309890-309900/frontend_react/src/pages/RegisterPage.js", "pattern": "/^            value={password}$/", "language": "JavaScript", "kind": "field", "scope": "RegisterPage.value", "scopeKind": "class"}], "hash": "b911b29e1b2afa233fcbbe20d755bf05", "format-version": 4, "code-base-name": "frontend_react", "filename": "frontend_react/src/pages/RegisterPage.js", "fields": [{"name": "value={password}", "scope": "RegisterPage.value", "scopeKind": "class", "description": "unavailable"}], "revision_history": [{"59": "ed57e479dae3cec20b1bdc90d982af361270ea0a"}]}