{"is_source_file": true, "file_id": 13, "git_revision": "", "state": 1, "description": "", "external_files": [], "external_methods": [], "published": [], "classes": [], "methods": [], "calls": [], "search-terms": [], "ctags": [{"_type": "tag", "name": "Content-Type", "path": "/home/kavia/workspace/code-generation/chess-mastery-platform-309890-309900/frontend_react/src/api/client.js", "pattern": "/^  const headers = { 'Content-Type': 'application\\/json' };$/", "language": "JavaScript", "kind": "property", "scope": "request.headers", "scopeKind": "class"}, {"_type": "tag", "name": "TOKEN_KEY", "path": "/home/kavia/workspace/code-generation/chess-mastery-platform-309890-309900/frontend_react/src/api/client.js", "pattern": "/^const TOKEN_KEY = 'cmp_token';$/", "language": "JavaScript", "kind": "constant"}, {"_type": "tag", "name": "api", "path": "/home/kavia/workspace/code-generation/chess-mastery-platform-309890-309900/frontend_react/src/api/client.js", "pattern": "/^export const api = {$/", "language": "JavaScript", "kind": "class"}, {"_type": "tag", "name": "auth", "path": "/home/kavia/workspace/code-generation/chess-mastery-platform-309890-309900/frontend_react/src/api/client.js", "pattern": "/^  auth: {$/", "language": "JavaScript", "kind": "class", "scope": "api", "scopeKind": "class"}, {"_type": "tag", "name": "baseUrl", "path": "/home/kavia/workspace/code-generation/chess-mastery-platform-309890-309900/frontend_react/src/api/client.js", "pattern": "/^  baseUrl: {$/", "language": "JavaScript", "kind": "property", "scope": "api", "scopeKind": "class"}, {"_type": "tag", "name": "chat", "path": "/home/kavia/workspace/code-generation/chess-mastery-platform-309890-309900/frontend_react/src/api/client.js", "pattern": "/^  chat: {$/", "language": "JavaScript", "kind": "class", "scope": "api", "scopeKind": "class"}, {"_type": "tag", "name": "draw", "path": "/home/kavia/workspace/code-generation/chess-mastery-platform-309890-309900/frontend_react/src/api/client.js", "pattern": "/^    async draw(gameId) {$/", "language": "JavaScript", "kind": "method", "signature": "(gameId)", "scope": "api.games", "scopeKind": "class"}, {"_type": "tag", "name": "games", "path": "/home/kavia/workspace/code-generation/chess-mastery-platform-309890-309900/frontend_react/src/api/client.js", "pattern": "/^  games: {$/", "language": "JavaScript", "kind": "class", "scope": "api", "scopeKind": "class"}, {"_type": "tag", "name": "getApiBaseUrl", "path": "/home/kavia/workspace/code-generation/chess-mastery-platform-309890-309900/frontend_react/src/api/client.js", "pattern": "/^function getApiBaseUrl() {$/", "language": "JavaScript", "kind": "function", "signature": "()"}, {"_type": "tag", "name": "getGame", "path": "/home/kavia/workspace/code-generation/chess-mastery-platform-309890-309900/frontend_react/src/api/client.js", "pattern": "/^    async getGame(gameId) {$/", "language": "JavaScript", "kind": "method", "signature": "(gameId)", "scope": "api.games", "scopeKind": "class"}, {"_type": "tag", "name": "getMoves", "path": "/home/kavia/workspace/code-generation/chess-mastery-platform-309890-309900/frontend_react/src/api/client.js", "pattern": "/^    async getMoves(gameId) {$/", "language": "JavaScript", "kind": "method", "signature": "(gameId)", "scope": "api.games", "scopeKind": "class"}, {"_type": "tag", "name": "getToken", "path": "/home/kavia/workspace/code-generation/chess-mastery-platform-309890-309900/frontend_react/src/api/client.js", "pattern": "/^function getToken() {$/", "language": "JavaScript", "kind": "function", "signature": "()"}, {"_type": "tag", "name": "headers", "path": "/home/kavia/workspace/code-generation/chess-mastery-platform-309890-309900/frontend_react/src/api/client.js", "pattern": "/^  const headers = { 'Content-Type': 'application\\/json' };$/", "language": "JavaScript", "kind": "class", "scope": "request", "scopeKind": "class"}, {"_type": "tag", "name": "history", "path": "/home/kavia/workspace/code-generation/chess-mastery-platform-309890-309900/frontend_react/src/api/client.js", "pattern": "/^  history: {$/", "language": "JavaScript", "kind": "class", "scope": "api", "scopeKind": "class"}, {"_type": "tag", "name": "join", "path": "/home/kavia/workspace/code-generation/chess-mastery-platform-309890-309900/frontend_react/src/api/client.js", "pattern": "/^    async join() {$/", "language": "JavaScript", "kind": "method", "signature": "()", "scope": "api.matchmaking", "scopeKind": "class"}, {"_type": "tag", "name": "leaderboards", "path": "/home/kavia/workspace/code-generation/chess-mastery-platform-309890-309900/frontend_react/src/api/client.js", "pattern": "/^  leaderboards: {$/", "language": "JavaScript", "kind": "class", "scope": "api", "scopeKind": "class"}, {"_type": "tag", "name": "leave", "path": "/home/kavia/workspace/code-generation/chess-mastery-platform-309890-309900/frontend_react/src/api/client.js", "pattern": "/^    async leave() {$/", "language": "JavaScript", "kind": "method", "signature": "()", "scope": "api.matchmaking", "scopeKind": "class"}, {"_type": "tag", "name": "list", "path": "/home/kavia/workspace/code-generation/chess-mastery-platform-309890-309900/frontend_react/src/api/client.js", "pattern": "/^    async list(gameId) {$/", "language": "JavaScript", "kind": "method", "signature": "(gameId)", "scope": "api.chat", "scopeKind": "class"}, {"_type": "tag", "name": "login", "path": "/home/kavia/workspace/code-generation/chess-mastery-platform-309890-309900/frontend_react/src/api/client.js", "pattern": "/^    async login({ usernameOrEmail, password }) {$/", "language": "JavaScript", "kind": "method", "signature": "({ usernameOrEmail, password })", "scope": "api.auth", "scopeKind": "class"}, {"_type": "tag", "name": "matchmaking", "path": "/home/kavia/workspace/code-generation/chess-mastery-platform-309890-309900/frontend_react/src/api/client.js", "pattern": "/^  matchmaking: {$/", "language": "JavaScript", "kind": "class", "scope": "api", "scopeKind": "class"}, {"_type": "tag", "name": "me", "path": "/home/kavia/workspace/code-generation/chess-mastery-platform-309890-309900/frontend_react/src/api/client.js", "pattern": "/^    async me() {$/", "language": "JavaScript", "kind": "method", "signature": "()", "scope": "api.profile", "scopeKind": "class"}, {"_type": "tag", "name": "myGames", "path": "/home/kavia/workspace/code-generation/chess-mastery-platform-309890-309900/frontend_react/src/api/client.js", "pattern": "/^    async myGames({ limit = 50, offset = 0 } = {}) {$/", "language": "JavaScript", "kind": "method", "signature": "({ limit = 50, offset = 0 } = {})", "scope": "api.history", "scopeKind": "class"}, {"_type": "tag", "name": "profile", "path": "/home/kavia/workspace/code-generation/chess-mastery-platform-309890-309900/frontend_react/src/api/client.js", "pattern": "/^  profile: {$/", "language": "JavaScript", "kind": "class", "scope": "api", "scopeKind": "class"}, {"_type": "tag", "name": "recent", "path": "/home/kavia/workspace/code-generation/chess-mastery-platform-309890-309900/frontend_react/src/api/client.js", "pattern": "/^    async recent(limit = 20) {$/", "language": "JavaScript", "kind": "method", "signature": "(limit = 20)", "scope": "api.leaderboards", "scopeKind": "class"}, {"_type": "tag", "name": "register", "path": "/home/kavia/workspace/code-generation/chess-mastery-platform-309890-309900/frontend_react/src/api/client.js", "pattern": "/^    async register({ username, email, password }) {$/", "language": "JavaScript", "kind": "method", "signature": "({ username, email, password })", "scope": "api.auth", "scopeKind": "class"}, {"_type": "tag", "name": "request", "path": "/home/kavia/workspace/code-generation/chess-mastery-platform-309890-309900/frontend_react/src/api/client.js", "pattern": "/^async function request(path, { method = 'GET', body, auth = true } = {}) {$/", "language": "JavaScript", "kind": "function", "signature": "(path, { method = 'GET', body, auth = true } = {})"}, {"_type": "tag", "name": "resign", "path": "/home/kavia/workspace/code-generation/chess-mastery-platform-309890-309900/frontend_react/src/api/client.js", "pattern": "/^    async resign(gameId) {$/", "language": "JavaScript", "kind": "method", "signature": "(gameId)", "scope": "api.games", "scopeKind": "class"}, {"_type": "tag", "name": "send", "path": "/home/kavia/workspace/code-generation/chess-mastery-platform-309890-309900/frontend_react/src/api/client.js", "pattern": "/^    async send(gameId, { messageText }) {$/", "language": "JavaScript", "kind": "method", "signature": "(gameId, { messageText })", "scope": "api.chat", "scopeKind": "class"}, {"_type": "tag", "name": "setToken", "path": "/home/kavia/workspace/code-generation/chess-mastery-platform-309890-309900/frontend_react/src/api/client.js", "pattern": "/^function setToken(token) {$/", "language": "JavaScript", "kind": "function", "signature": "(token)"}, {"_type": "tag", "name": "status", "path": "/home/kavia/workspace/code-generation/chess-mastery-platform-309890-309900/frontend_react/src/api/client.js", "pattern": "/^    async status() {$/", "language": "JavaScript", "kind": "method", "signature": "()", "scope": "api.matchmaking", "scopeKind": "class"}, {"_type": "tag", "name": "submitMove", "path": "/home/kavia/workspace/code-generation/chess-mastery-platform-309890-309900/frontend_react/src/api/client.js", "pattern": "/^    async submitMove(gameId, { san }) {$/", "language": "JavaScript", "kind": "method", "signature": "(gameId, { san })", "scope": "api.games", "scopeKind": "class"}, {"_type": "tag", "name": "token", "path": "/home/kavia/workspace/code-generation/chess-mastery-platform-309890-309900/frontend_react/src/api/client.js", "pattern": "/^  token: {$/", "language": "JavaScript", "kind": "property", "scope": "api", "scopeKind": "class"}, {"_type": "tag", "name": "top", "path": "/home/kavia/workspace/code-generation/chess-mastery-platform-309890-309900/frontend_react/src/api/client.js", "pattern": "/^    async top(limit = 50) {$/", "language": "JavaScript", "kind": "method", "signature": "(limit = 50)", "scope": "api.leaderboards", "scopeKind": "class"}, {"_type": "tag", "name": "update", "path": "/home/kavia/workspace/code-generation/chess-mastery-platform-309890-309900/frontend_react/src/api/client.js", "pattern": "/^    async update({ username, email }) {$/", "language": "JavaScript", "kind": "method", "signature": "({ username, email })", "scope": "api.profile", "scopeKind": "class"}], "format": "JavaScript", "hash": "96e1016d252c6958e7ab92bcefb8573f", "format-version": 4, "code-base-name": "frontend_react", "filename": "frontend_react/src/api/client.js", "knowledge_revision": 27}