{"is_source_file": true, "format": "JavaScript (React/JSX)", "description": "This file defines a React Context and custom hook for managing WebSocket connections within a React application. It sets up WebSocket client initialization, connection management, message handling, and provides this via React context for use in other components.", "external_files": ["../api/client", "../ws/client", "./AuthContext"], "external_methods": ["api.baseUrl.get", "api.token.get"], "published": ["WsProvider", "useWs"], "classes": [], "methods": [{"name": "WsProvider({ children })", "description": "A React component that provides WebSocket connection context to its children. Manages the WebSocket client lifecycle, handles events, and updates context state.", "scope": "", "scopeKind": ""}, {"name": "useWs()", "description": "A React hook that returns WebSocket connection state and client from context, ensuring it is used within a WsProvider.", "scope": "", "scopeKind": ""}], "calls": ["React.createContext", "useContext", "useState", "useRef", "useEffect", "useMemo", "client.connect", "client.disconnect", "client.ping"], "search-terms": ["WsContext", "WebSocket", "React Context", "useAuth", "useWs", "WsClient", "WebSocket management"], "state": 2, "file_id": 16, "knowledge_revision": 51, "git_revision": "ed57e479dae3cec20b1bdc90d982af361270ea0a", "ctags": [{"_type": "tag", "name": "WsContext", "path": "/home/kavia/workspace/code-generation/chess-mastery-platform-309890-309900/frontend_react/src/state/WsContext.js", "pattern": "/^const WsContext = createContext(null);$/", "language": "JavaScript", "kind": "constant"}, {"_type": "tag", "name": "WsProvider", "path": "/home/kavia/workspace/code-generation/chess-mastery-platform-309890-309900/frontend_react/src/state/WsContext.js", "pattern": "/^export function WsProvider({ children }) {$/", "language": "JavaScript", "kind": "function", "signature": "({ children })"}, {"_type": "tag", "name": "useWs", "path": "/home/kavia/workspace/code-generation/chess-mastery-platform-309890-309900/frontend_react/src/state/WsContext.js", "pattern": "/^export function useWs() {$/", "language": "JavaScript", "kind": "function", "signature": "()"}, {"_type": "tag", "name": "value", "path": "/home/kavia/workspace/code-generation/chess-mastery-platform-309890-309900/frontend_react/src/state/WsContext.js", "pattern": "/^  return <WsContext.Provider value={value}>{children}<\\/WsContext.Provider>;$/", "language": "JavaScript", "kind": "field", "scope": "Provider", "scopeKind": "class"}], "hash": "625299c5be93daf56bc37c46a9509b01", "format-version": 4, "code-base-name": "frontend_react", "filename": "frontend_react/src/state/WsContext.js", "fields": [{"name": "return <WsContext.Provider value={value}>{children}<\\/WsContext.Provider>;", "scope": "Provider", "scopeKind": "class", "description": "unavailable"}], "revision_history": [{"51": "ed57e479dae3cec20b1bdc90d982af361270ea0a"}]}