{"is_source_file": true, "format": "JavaScript (React JSX)", "description": "This file defines a React component 'ProtectedRoute' that guards its children components by checking authentication status and loading state from context, redirecting unauthenticated users to login.", "external_files": ["react", "react-router-dom", "../state/AuthContext"], "external_methods": ["React", "Navigate", "useAuth"], "published": ["ProtectedRoute"], "classes": [], "methods": [{"name": "ProtectedRoute({ children })", "description": "React component that conditionally renders children based on authentication status and loading state.", "scope": "", "scopeKind": ""}], "calls": ["useAuth()", "<Navigate to=\"/login\" replace />"], "search-terms": ["ProtectedRoute", "AuthContext", "authentication guard", "react-router-dom", "loading state"], "state": 2, "file_id": 22, "knowledge_revision": 57, "git_revision": "ed57e479dae3cec20b1bdc90d982af361270ea0a", "ctags": [{"_type": "tag", "name": "ProtectedRoute", "path": "/home/kavia/workspace/code-generation/chess-mastery-platform-309890-309900/frontend_react/src/pages/ProtectedRoute.js", "pattern": "/^export function ProtectedRoute({ children }) {$/", "language": "JavaScript", "kind": "function", "signature": "({ children })"}], "hash": "f991ea71e85d863b29403c364de7308b", "format-version": 4, "code-base-name": "frontend_react", "filename": "frontend_react/src/pages/ProtectedRoute.js", "revision_history": [{"57": "ed57e479dae3cec20b1bdc90d982af361270ea0a"}]}