{"is_source_file": false, "format": "", "description": "", "external_files": [], "external_methods": [], "published": [], "classes": [], "methods": [], "calls": [], "search-terms": [], "state": 2, "file_id": 11, "knowledge_revision": 46, "git_revision": "ed57e479dae3cec20b1bdc90d982af361270ea0a", "hash": "d1282b706648da5171b6f5d36fd0a32f", "format-version": 4, "code-base-name": "frontend_react", "filename": "frontend_react/src/App.css", "revision_history": [{"46": "ed57e479dae3cec20b1bdc90d982af361270ea0a"}]}