{"is_source_file": false, "format": "", "description": "", "external_files": [], "external_methods": [], "published": [], "classes": [], "methods": [], "calls": [], "search-terms": ["README.md", "React Template", "frontend", "UI", "CSS variables", "components", "npm start"], "state": 2, "file_id": 2, "knowledge_revision": 68, "git_revision": "e54af0cdf61cd049a3f0a0456034a99738d8b33b", "hash": "b72759ad246602b1bbc95fb555091fab", "format-version": 4, "code-base-name": "frontend_react", "filename": "frontend_react/README.md", "revision_history": [{"68": "e54af0cdf61cd049a3f0a0456034a99738d8b33b"}]}