{"is_source_file": true, "file_id": 26, "git_revision": "ed57e479dae3cec20b1bdc90d982af361270ea0a", "state": 1, "description": "", "external_files": [], "external_methods": [], "published": [], "classes": [], "methods": [], "calls": [], "search-terms": [], "ctags": [{"_type": "tag", "name": "LeaderboardsPage", "path": "/home/kavia/workspace/code-generation/chess-mastery-platform-309890-309900/frontend_react/src/pages/LeaderboardsPage.js", "pattern": "/^export function LeaderboardsPage() {$/", "language": "JavaScript", "kind": "function", "signature": "()"}, {"_type": "tag", "name": "load", "path": "/home/kavia/workspace/code-generation/chess-mastery-platform-309890-309900/frontend_react/src/pages/LeaderboardsPage.js", "pattern": "/^    async function load() {$/", "language": "JavaScript", "kind": "function", "signature": "()", "scope": "LeaderboardsPage", "scopeKind": "function"}], "format": "JavaScript", "hash": "ea5497db1e36d1cbbf712b9d6a628eb4", "format-version": 4, "code-base-name": "frontend_react", "filename": "frontend_react/src/pages/LeaderboardsPage.js", "knowledge_revision": 40}