{"is_source_file": true, "format": "JavaScript (React JSX)", "description": "This file defines a React component 'LoginPage' that renders a login form for user authentication, managing form state, handling submission, and navigating post-login.", "external_files": ["../components/ui", "../state/AuthContext", "react", "react-router-dom"], "external_methods": ["useAuth", "useNavigate", "useLocation", "Link"], "published": ["LoginPage"], "classes": [], "methods": [{"name": "LoginPage()", "description": "React functional component providing a login form with JWT authentication, managing form state, handling login submission, and redirecting upon success.", "scope": "", "scopeKind": ""}], "calls": ["useAuth", "useNavigate", "useLocation", "actions.login", "navigate", "setErr", "setSubmitting"], "search-terms": ["LoginPage", "JWT auth", "react-router-dom", "useAuth", "useNavigate", "useLocation", "authentication form", "login submission", "react form handling"], "state": 2, "file_id": 23, "knowledge_revision": 58, "git_revision": "ed57e479dae3cec20b1bdc90d982af361270ea0a", "ctags": [{"_type": "tag", "name": "LoginPage", "path": "/home/kavia/workspace/code-generation/chess-mastery-platform-309890-309900/frontend_react/src/pages/LoginPage.js", "pattern": "/^export function LoginPage() {$/", "language": "JavaScript", "kind": "function", "signature": "()"}, {"_type": "tag", "name": "password", "path": "/home/kavia/workspace/code-generation/chess-mastery-platform-309890-309900/frontend_react/src/pages/LoginPage.js", "pattern": "/^            value={password}$/", "language": "JavaScript", "kind": "field", "scope": "LoginPage.value", "scopeKind": "class"}, {"_type": "tag", "name": "usernameOrEmail", "path": "/home/kavia/workspace/code-generation/chess-mastery-platform-309890-309900/frontend_react/src/pages/LoginPage.js", "pattern": "/^            value={usernameOrEmail}$/", "language": "JavaScript", "kind": "field", "scope": "LoginPage.value", "scopeKind": "class"}], "hash": "851a5f7f3702aacf63e8ca616cb5eba2", "format-version": 4, "code-base-name": "frontend_react", "filename": "frontend_react/src/pages/LoginPage.js", "fields": [{"name": "value={password}", "scope": "LoginPage.value", "scopeKind": "class", "description": "unavailable"}, {"name": "value={usernameOrEmail}", "scope": "LoginPage.value", "scopeKind": "class", "description": "unavailable"}], "revision_history": [{"58": "ed57e479dae3cec20b1bdc90d982af361270ea0a"}]}